"sample_id","mag_id","site","time","rel_abund","domain","phylum","class","order","family","genus","species","phylum2"
"L001","L001_bin.13","Influent","Summer",3.67453737011528,"Bacteria","Firmicutes_A","Clostridia","Saccharofermentanales","Fastidiosipilaceae","JAAYZH01","JAAYZH01 sp012514965","Firmicutes"
"L001","L001_bin.14","Influent","Summer",0.99233625322149,"Bacteria","Bacteroidota","Bacteroidia","Bacteroidales","4484-276","SABY01","","Bacteroidota"
"L001","L001_bin.17","Influent","Summer",7.56985138442929,"Bacteria","Bacteroidota","Bacteroidia","Bacteroidales","Dysgonomonadaceae","UBA2632","UBA2632 sp012840785","Bacteroidota"
"L001","L001_bin.19","Influent","Summer",6.41148612968127,"Bacteria","Firmicutes_A","Clostridia","Tissierellales","Sedimentibacteraceae","Sedimentibacter","","Firmicutes"
"L001","L001_bin.2","Influent","Summer",1.4067184248964,"Bacteria","Firmicutes_A","Clostridia","Saccharofermentanales","Saccharofermentanaceae","DUPM01","DUPM01 sp012838315","Firmicutes"
"L001","L001_bin.20","Influent","Summer",17.7202753489634,"Bacteria","Bacteroidota","Bacteroidia","Bacteroidales","Dysgonomonadaceae","Proteiniphilum","Proteiniphilum sp012728155","Bacteroidota"
"L001","L001_bin.3","Influent","Summer",1.91833446082712,"Bacteria","Bacteroidota","Bacteroidia","Bacteroidales","Bacteroidaceae","UBA1179","UBA1179 sp002340405","Bacteroidota"
"L001","L001_bin.6","Influent","Summer",0.157746613266263,"Bacteria","Verrucomicrobiota","Kiritimatiellae","RFP12","UBA3636","JAAZFF01","","Verrucomicrobiota"
"L001","L001_bin.7","Influent","Summer",1.89965218615482,"Bacteria","Synergistota","Synergistia","Synergistales","Synergistaceae","Syner-03","Syner-03 sp002316795","Synergistota"
"L001","L003_bin.22","Influent","Summer",3.74665250413377,"Bacteria","Synergistota","Synergistia","Synergistales","Dethiosulfovibrionaceae","Pyramidobacter","Pyramidobacter piscolens_A","Synergistota"
"L001","L003_bin.25","Influent","Summer",1.29719424564757,"Bacteria","Verrucomicrobiota","Verrucomicrobiae","Opitutales","JAFGAQ01","JAFGAQ01","","Verrucomicrobiota"
"L001","L003_bin.29","Influent","Summer",0.605180010278436,"Bacteria","Bacteroidota","Bacteroidia","Bacteroidales","UBA932","RUG11257","RUG11257 sp012513425","Bacteroidota"
"L001","L003_bin.3","Influent","Summer",1.17441629968415,"Bacteria","Fibrobacterota","Chitinivibrionia","Chitinivibrionales","Chitinispirillaceae","JAAYIG01","","Fibrobacterota"
"L001","L003_bin.31","Influent","Summer",0.383554686638419,"Bacteria","Bacteroidota","Bacteroidia","Bacteroidales","Lentimicrobiaceae","Lentimicrobium","Lentimicrobium sp002410555","Bacteroidota"
"L001","L003_bin.7","Influent","Summer",11.0923817145555,"Bacteria","Bacteroidota","Bacteroidia","Bacteroidales","Dysgonomonadaceae","Fermentimonas","Fermentimonas sp002398875","Bacteroidota"
"L001","L036_bin.1","Influent","Summer",8.44197280342366,"Bacteria","Desulfobacterota","Desulfobulbia","Desulfobulbales","Desulfobulbaceae","Desulfobulbus","","Desulfobacterota"
"L001","L036_bin.11","Influent","Summer",0.461302258254315,"Bacteria","Spirochaetota","Spirochaetia","Sphaerochaetales","Sphaerochaetaceae","JAAYFO01","JAAYFO01 sp012728215","Spirochaetota"
"L001","L036_bin.17","Influent","Summer",1.34654852773252,"Bacteria","Firmicutes_A","Clostridia","Lachnospirales","Lachnospiraceae","Blautia","Blautia coccoides","Firmicutes"
"L001","L036_bin.19","Influent","Summer",3.06470776639422,"Bacteria","Synergistota","Synergistia","Synergistales","Synergistaceae","","","Synergistota"
"L001","L036_bin.2","Influent","Summer",0.547057165237488,"Bacteria","Firmicutes_A","Clostridia","Lachnospirales","Lachnospiraceae","Hespellia","Hespellia stercorisuis","Firmicutes"
"L001","L036_bin.20","Influent","Summer",0.12279268744899,"Bacteria","Firmicutes","Bacilli","Lactobacillales","Aerococcaceae","Trichococcus","Trichococcus flocculiformis","Firmicutes"
"L001","L036_bin.5","Influent","Summer",0.20127574947417,"Bacteria","Firmicutes_C","Negativicutes","Acidaminococcales","Acidaminococcaceae","","","Firmicutes"
"L001","L038_bin.11","Influent","Summer",0.958886716596048,"Bacteria","Firmicutes_B","Syntrophomonadia","Syntrophomonadales","Syntrophomonadaceae","DTU018","","Firmicutes"
"L001","L038_bin.2","Influent","Summer",0.149197408701133,"Bacteria","Firmicutes_A","Clostridia","Tissierellales","Peptoniphilaceae","JAAYQA01","","Firmicutes"
"L001","L078_bin.37","Influent","Summer",0.853409177770482,"Archaea","Halobacteriota","Methanosarcinia","Methanosarcinales","Methanosarcinaceae","Methanosarcina","Methanosarcina mazei","Halobacteriota"
"L001","L078_bin.9","Influent","Summer",2.88390210841607,"Bacteria","Bacteroidota","Bacteroidia","Bacteroidales","Marinilabiliaceae","Geofilum","Geofilum sp002427105","Bacteroidota"
"L001","L080_bin.29","Influent","Summer",0.474116209872489,"Archaea","Methanobacteriota","Methanobacteria","Methanobacteriales","Methanobacteriaceae","UBA412","UBA412 sp002495685","Methanobacteriota"
"L001","L080_bin.38","Influent","Summer",0.862029472495435,"Bacteria","Actinobacteriota","Actinomycetia","Mycobacteriales","Mycobacteriaceae","Corynebacterium","Corynebacterium sp012838985","Actinobacteriota"
"L001","L081_bin.18","Influent","Summer",3.34011628662825,"Bacteria","Firmicutes_A","Clostridia","Clostridiales","Clostridiaceae","Clostridium","Clostridium sp000435835","Firmicutes"
"L001","L081_bin.30","Influent","Summer",0.215507368123859,"Bacteria","Firmicutes_C","Negativicutes","Acidaminococcales","Acidaminococcaceae","","","Firmicutes"
"L001","L081_bin.36","Influent","Summer",0.446032671308614,"Bacteria","Bacteroidota","Bacteroidia","Bacteroidales","Bacteroidaceae","Prevotella","","Bacteroidota"
"L001","L081_bin.38","Influent","Summer",7.7856488108331,"Archaea","Halobacteriota","Methanomicrobia","Methanomicrobiales","Methanoculleaceae","Methanoculleus","","Halobacteriota"
"L001","L081_bin.4","Influent","Summer",0.451061933282495,"Bacteria","Desulfobacterota_I","Desulfovibrionia","Desulfovibrionales","Desulfovibrionaceae","Desulfovibrio","Desulfovibrio legallii","Desulfobacterota"
"L001","L082_bin.12","Influent","Summer",0.88283708045222,"Bacteria","Proteobacteria","Gammaproteobacteria","Pseudomonadales","Pseudomonadaceae","Thiopseudomonas","","Proteobacteria"
"L001","L082_bin.18","Influent","Summer",5.79972266291361,"Bacteria","Synergistota","Synergistia","Synergistales","Synergistaceae","Syner-03","Syner-03 sp012727545","Synergistota"
"L001","L082_bin.27","Influent","Summer",0.661557502147662,"Bacteria","Proteobacteria","Gammaproteobacteria","Burkholderiales","Burkholderiaceae","Comamonas","Comamonas denitrificans_A","Proteobacteria"
"L003","L001_bin.13","AD","Summer",2.59155034564867,"Bacteria","Firmicutes_A","Clostridia","Saccharofermentanales","Fastidiosipilaceae","JAAYZH01","JAAYZH01 sp012514965","Firmicutes"
"L003","L001_bin.17","AD","Summer",0.826693109234354,"Bacteria","Bacteroidota","Bacteroidia","Bacteroidales","Dysgonomonadaceae","UBA2632","UBA2632 sp012840785","Bacteroidota"
"L003","L001_bin.19","AD","Summer",2.8014445953772,"Bacteria","Firmicutes_A","Clostridia","Tissierellales","Sedimentibacteraceae","Sedimentibacter","","Firmicutes"
"L003","L001_bin.2","AD","Summer",1.19628752707149,"Bacteria","Firmicutes_A","Clostridia","Saccharofermentanales","Saccharofermentanaceae","DUPM01","DUPM01 sp012838315","Firmicutes"
"L003","L001_bin.20","AD","Summer",5.8546973627259,"Bacteria","Bacteroidota","Bacteroidia","Bacteroidales","Dysgonomonadaceae","Proteiniphilum","Proteiniphilum sp012728155","Bacteroidota"
"L003","L001_bin.3","AD","Summer",0.653023810515544,"Bacteria","Bacteroidota","Bacteroidia","Bacteroidales","Bacteroidaceae","UBA1179","UBA1179 sp002340405","Bacteroidota"
"L003","L001_bin.6","AD","Summer",0.499548012148577,"Bacteria","Verrucomicrobiota","Kiritimatiellae","RFP12","UBA3636","JAAZFF01","","Verrucomicrobiota"
"L003","L001_bin.7","AD","Summer",0.527214604229044,"Bacteria","Synergistota","Synergistia","Synergistales","Synergistaceae","Syner-03","Syner-03 sp002316795","Synergistota"
"L003","L003_bin.19","AD","Summer",0.633127078352374,"Bacteria","Firmicutes_A","Clostridia","Christensenellales","CAG-74","UBA1038","","Firmicutes"
"L003","L003_bin.22","AD","Summer",3.3168954026332,"Bacteria","Synergistota","Synergistia","Synergistales","Dethiosulfovibrionaceae","Pyramidobacter","Pyramidobacter piscolens_A","Synergistota"
"L003","L003_bin.25","AD","Summer",3.88201650717114,"Bacteria","Verrucomicrobiota","Verrucomicrobiae","Opitutales","JAFGAQ01","JAFGAQ01","","Verrucomicrobiota"
"L003","L003_bin.29","AD","Summer",1.5757184022566,"Bacteria","Bacteroidota","Bacteroidia","Bacteroidales","UBA932","RUG11257","RUG11257 sp012513425","Bacteroidota"
"L003","L003_bin.3","AD","Summer",22.6316767676483,"Bacteria","Fibrobacterota","Chitinivibrionia","Chitinivibrionales","Chitinispirillaceae","JAAYIG01","","Fibrobacterota"
"L003","L003_bin.31","AD","Summer",2.10266577293491,"Bacteria","Bacteroidota","Bacteroidia","Bacteroidales","Lentimicrobiaceae","Lentimicrobium","Lentimicrobium sp002410555","Bacteroidota"
"L003","L003_bin.7","AD","Summer",3.36661085022706,"Bacteria","Bacteroidota","Bacteroidia","Bacteroidales","Dysgonomonadaceae","Fermentimonas","Fermentimonas sp002398875","Bacteroidota"
"L003","L003_bin.9","AD","Summer",2.08725608479655,"Bacteria","Bacteroidota","Bacteroidia","Bacteroidales","UBA932","DMER64","DMER64 sp002408205","Bacteroidota"
"L003","L036_bin.1","AD","Summer",7.49207552077197,"Bacteria","Desulfobacterota","Desulfobulbia","Desulfobulbales","Desulfobulbaceae","Desulfobulbus","","Desulfobacterota"
"L003","L036_bin.10","AD","Summer",0.23839970234256,"Bacteria","Desulfobacterota_I","Desulfovibrionia","Desulfovibrionales","Desulfovibrionaceae","Solidesulfovibrio","","Desulfobacterota"
"L003","L036_bin.11","AD","Summer",0.922132958818105,"Bacteria","Spirochaetota","Spirochaetia","Sphaerochaetales","Sphaerochaetaceae","JAAYFO01","JAAYFO01 sp012728215","Spirochaetota"
"L003","L036_bin.17","AD","Summer",0.633965484307615,"Bacteria","Firmicutes_A","Clostridia","Lachnospirales","Lachnospiraceae","Blautia","Blautia coccoides","Firmicutes"
"L003","L036_bin.19","AD","Summer",1.2906578186524,"Bacteria","Synergistota","Synergistia","Synergistales","Synergistaceae","","","Synergistota"
"L003","L036_bin.2","AD","Summer",0.321437800911317,"Bacteria","Firmicutes_A","Clostridia","Lachnospirales","Lachnospiraceae","Hespellia","Hespellia stercorisuis","Firmicutes"
"L003","L036_bin.20","AD","Summer",0.697550115371316,"Bacteria","Firmicutes","Bacilli","Lactobacillales","Aerococcaceae","Trichococcus","Trichococcus flocculiformis","Firmicutes"
"L003","L036_bin.22","AD","Summer",0.0582646930368785,"Bacteria","Desulfobacterota_I","Desulfovibrionia","Desulfovibrionales","Desulfovibrionaceae","Solidesulfovibrio","Solidesulfovibrio alcoholivorans","Desulfobacterota"
"L003","L036_bin.25","AD","Summer",0.888134119712834,"Bacteria","Bacteroidota","Bacteroidia","Bacteroidales","Tannerellaceae","Macellibacteroides","Macellibacteroides fermentans","Bacteroidota"
"L003","L036_bin.5","AD","Summer",0.667159983608924,"Bacteria","Firmicutes_C","Negativicutes","Acidaminococcales","Acidaminococcaceae","","","Firmicutes"
"L003","L038_bin.11","AD","Summer",2.41882626158769,"Bacteria","Firmicutes_B","Syntrophomonadia","Syntrophomonadales","Syntrophomonadaceae","DTU018","","Firmicutes"
"L003","L038_bin.2","AD","Summer",0.283412233554093,"Bacteria","Firmicutes_A","Clostridia","Tissierellales","Peptoniphilaceae","JAAYQA01","","Firmicutes"
"L003","L038_bin.23","AD","Summer",1.33375111724742,"Bacteria","Firmicutes_B","Syntrophomonadia","Syntrophomonadales","Syntrophomonadaceae","UBA4844","","Firmicutes"
"L003","L038_bin.25","AD","Summer",0.879401178111722,"Bacteria","Firmicutes_A","Clostridia","Peptostreptococcales","Anaerovoracaceae","JAAZGD01","","Firmicutes"
"L003","L039_bin.4","AD","Summer",0.0815816471894694,"Bacteria","Actinobacteriota","Acidimicrobiia","Acidimicrobiales","UBA8139","","","Actinobacteriota"
"L003","L078_bin.10","AD","Summer",1.04102445897673,"Bacteria","Bacteroidota","Bacteroidia","Bacteroidales","VadinHA17","LD21","LD21 sp012729475","Bacteroidota"
"L003","L078_bin.17","AD","Summer",0.174438806592117,"Bacteria","Bacteroidota","Bacteroidia","Bacteroidales","DTU049","GWF2-43-63","","Bacteroidota"
"L003","L078_bin.28","AD","Summer",0.183384386417354,"Bacteria","Firmicutes_A","Clostridia","Clostridiales","Clostridiaceae","Proteiniclasticum","","Firmicutes"
"L003","L078_bin.34","AD","Summer",0.0290141625569039,"Bacteria","Bacteroidota","Bacteroidia","Bacteroidales","UBA932","DMER64","DMER64 sp001512865","Bacteroidota"
"L003","L078_bin.37","AD","Summer",6.23216225622358,"Archaea","Halobacteriota","Methanosarcinia","Methanosarcinales","Methanosarcinaceae","Methanosarcina","Methanosarcina mazei","Halobacteriota"
"L003","L078_bin.9","AD","Summer",1.34038412180893,"Bacteria","Bacteroidota","Bacteroidia","Bacteroidales","Marinilabiliaceae","Geofilum","Geofilum sp002427105","Bacteroidota"
"L003","L080_bin.29","AD","Summer",0.15893313489504,"Archaea","Methanobacteriota","Methanobacteria","Methanobacteriales","Methanobacteriaceae","UBA412","UBA412 sp002495685","Methanobacteriota"
"L003","L081_bin.10","AD","Summer",0.0969104481067318,"Bacteria","Firmicutes_A","Clostridia","Tissierellales","Peptoniphilaceae","","","Firmicutes"
"L003","L081_bin.12","AD","Summer",0.294927466815539,"Bacteria","Firmicutes","Bacilli","Erysipelotrichales","Erysipelotrichaceae","Bulleidia","","Firmicutes"
"L003","L081_bin.18","AD","Summer",1.44819914754599,"Bacteria","Firmicutes_A","Clostridia","Clostridiales","Clostridiaceae","Clostridium","Clostridium sp000435835","Firmicutes"
"L003","L081_bin.30","AD","Summer",0.41205564202362,"Bacteria","Firmicutes_C","Negativicutes","Acidaminococcales","Acidaminococcaceae","","","Firmicutes"
"L003","L081_bin.36","AD","Summer",0.881587683043316,"Bacteria","Bacteroidota","Bacteroidia","Bacteroidales","Bacteroidaceae","Prevotella","","Bacteroidota"
"L003","L081_bin.38","AD","Summer",7.99422880330011,"Archaea","Halobacteriota","Methanomicrobia","Methanomicrobiales","Methanoculleaceae","Methanoculleus","","Halobacteriota"
"L003","L081_bin.4","AD","Summer",3.01220721733437,"Bacteria","Desulfobacterota_I","Desulfovibrionia","Desulfovibrionales","Desulfovibrionaceae","Desulfovibrio","Desulfovibrio legallii","Desulfobacterota"
"L003","L082_bin.12","AD","Summer",0.424870756650108,"Bacteria","Proteobacteria","Gammaproteobacteria","Pseudomonadales","Pseudomonadaceae","Thiopseudomonas","","Proteobacteria"
"L003","L082_bin.18","AD","Summer",3.41385680047216,"Bacteria","Synergistota","Synergistia","Synergistales","Synergistaceae","Syner-03","Syner-03 sp012727545","Synergistota"
"L003","L082_bin.9","AD","Summer",0.108637839042179,"Bacteria","Bacteroidota","Bacteroidia","Flavobacteriales","Flavobacteriaceae","Gelidibacter","","Bacteroidota"
"L004","L001_bin.20","Anoxic","Summer",0.0320658366519032,"Bacteria","Bacteroidota","Bacteroidia","Bacteroidales","Dysgonomonadaceae","Proteiniphilum","Proteiniphilum sp012728155","Bacteroidota"
"L004","L001_bin.6","Anoxic","Summer",0.276168497216022,"Bacteria","Verrucomicrobiota","Kiritimatiellae","RFP12","UBA3636","JAAZFF01","","Verrucomicrobiota"
"L004","L003_bin.25","Anoxic","Summer",0.138762743246744,"Bacteria","Verrucomicrobiota","Verrucomicrobiae","Opitutales","JAFGAQ01","JAFGAQ01","","Verrucomicrobiota"
"L004","L003_bin.3","Anoxic","Summer",0.151627459752264,"Bacteria","Fibrobacterota","Chitinivibrionia","Chitinivibrionales","Chitinispirillaceae","JAAYIG01","","Fibrobacterota"
"L004","L003_bin.31","Anoxic","Summer",0.473641434534745,"Bacteria","Bacteroidota","Bacteroidia","Bacteroidales","Lentimicrobiaceae","Lentimicrobium","Lentimicrobium sp002410555","Bacteroidota"
"L004","L003_bin.7","Anoxic","Summer",0.0241269061075248,"Bacteria","Bacteroidota","Bacteroidia","Bacteroidales","Dysgonomonadaceae","Fermentimonas","Fermentimonas sp002398875","Bacteroidota"
"L004","L004_bin.13","Anoxic","Summer",1.35758064874071,"Bacteria","Bacteroidota","Bacteroidia","Chitinophagales","Chitinophagaceae","Ginsengibacter","","Bacteroidota"
"L004","L004_bin.14","Anoxic","Summer",14.046096098211,"Bacteria","Proteobacteria","Gammaproteobacteria","Burkholderiales","Thiobacillaceae","Thiobacillus","Thiobacillus sp001899775","Proteobacteria"
"L004","L004_bin.16","Anoxic","Summer",6.20435880522414,"Bacteria","Bacteroidota","Bacteroidia","AKYH767-A","OLB10","OLB10","OLB10 sp001567275","Bacteroidota"
"L004","L004_bin.4","Anoxic","Summer",1.3784137169355,"Bacteria","Proteobacteria","Gammaproteobacteria","Pseudomonadales","UBA7239","UBA7239","","Proteobacteria"
"L004","L005_bin.1","Anoxic","Summer",0.749480740401634,"Bacteria","Bacteroidota","Bacteroidia","Chitinophagales","Chitinophagaceae","Agriterribacter","","Bacteroidota"
"L004","L005_bin.3","Anoxic","Summer",1.33297452310542,"Bacteria","Bacteroidota","Bacteroidia","Chitinophagales","Saprospiraceae","JAEUUM01","","Bacteroidota"
"L004","L005_bin.7","Anoxic","Summer",3.751750994434,"Bacteria","Proteobacteria","Alphaproteobacteria","Caulobacterales","TH1-2","Terricaulis","","Proteobacteria"
"L004","L036_bin.1","Anoxic","Summer",0.684452542333328,"Bacteria","Desulfobacterota","Desulfobulbia","Desulfobulbales","Desulfobulbaceae","Desulfobulbus","","Desulfobacterota"
"L004","L036_bin.22","Anoxic","Summer",0.0646301059978774,"Bacteria","Desulfobacterota_I","Desulfovibrionia","Desulfovibrionales","Desulfovibrionaceae","Solidesulfovibrio","Solidesulfovibrio alcoholivorans","Desulfobacterota"
"L004","L036_bin.25","Anoxic","Summer",0.0837155064267807,"Bacteria","Bacteroidota","Bacteroidia","Bacteroidales","Tannerellaceae","Macellibacteroides","Macellibacteroides fermentans","Bacteroidota"
"L004","L038_bin.2","Anoxic","Summer",0.145380075263291,"Bacteria","Firmicutes_A","Clostridia","Tissierellales","Peptoniphilaceae","JAAYQA01","","Firmicutes"
"L004","L038_bin.25","Anoxic","Summer",0.19904697538708,"Bacteria","Firmicutes_A","Clostridia","Peptostreptococcales","Anaerovoracaceae","JAAZGD01","","Firmicutes"
"L004","L039_bin.10","Anoxic","Summer",6.83421696428803,"Bacteria","Proteobacteria","Gammaproteobacteria","Pseudomonadales","UBA5518","UBA5518","","Proteobacteria"
"L004","L039_bin.13","Anoxic","Summer",0.0586993433298368,"Bacteria","Actinobacteriota","Actinomycetia","Actinomycetales","Microbacteriaceae","Terrimesophilobacter","","Actinobacteriota"
"L004","L039_bin.7","Anoxic","Summer",0.134413905792999,"Bacteria","Nitrospirota","Nitrospiria","Nitrospirales","Nitrospiraceae","Nitrospira_A","Nitrospira_A sp001567445","Nitrospirota"
"L004","L040_bin.10","Anoxic","Summer",0.176023914657023,"Bacteria","Bacteroidota","Bacteroidia","Chitinophagales","LD1","UBA7692","UBA7692 sp001897535","Bacteroidota"
"L004","L040_bin.20","Anoxic","Summer",0.600334193146061,"Bacteria","Proteobacteria","Gammaproteobacteria","Xanthomonadales","Rhodanobacteraceae","Dokdonella_A","Dokdonella_A sp014338185","Proteobacteria"
"L004","L040_bin.21","Anoxic","Summer",0.09171772395287,"Bacteria","Myxococcota","Polyangia","Polyangiales","Polyangiaceae","","","Myxococcota"
"L004","L040_bin.9","Anoxic","Summer",0.38565059912058,"Bacteria","Proteobacteria","Gammaproteobacteria","Burkholderiales","Thiobacillaceae","PFJX01","","Proteobacteria"
"L004","L078_bin.10","Anoxic","Summer",0.034842487311705,"Bacteria","Bacteroidota","Bacteroidia","Bacteroidales","VadinHA17","LD21","LD21 sp012729475","Bacteroidota"
"L004","L078_bin.37","Anoxic","Summer",0.940799439957105,"Archaea","Halobacteriota","Methanosarcinia","Methanosarcinales","Methanosarcinaceae","Methanosarcina","Methanosarcina mazei","Halobacteriota"
"L004","L081_bin.36","Anoxic","Summer",0.152574696042779,"Bacteria","Bacteroidota","Bacteroidia","Bacteroidales","Bacteroidaceae","Prevotella","","Bacteroidota"
"L004","L081_bin.38","Anoxic","Summer",0.332368930688144,"Archaea","Halobacteriota","Methanomicrobia","Methanomicrobiales","Methanoculleaceae","Methanoculleus","","Halobacteriota"
"L004","L082_bin.12","Anoxic","Summer",0.70532948364857,"Bacteria","Proteobacteria","Gammaproteobacteria","Pseudomonadales","Pseudomonadaceae","Thiopseudomonas","","Proteobacteria"
"L004","L082_bin.19","Anoxic","Summer",1.06517896185123,"Bacteria","Proteobacteria","Gammaproteobacteria","Xanthomonadales","Xanthomonadaceae","Thermomonas","","Proteobacteria"
"L004","L082_bin.25","Anoxic","Summer",51.7466377296613,"Bacteria","Proteobacteria","Gammaproteobacteria","Burkholderiales","Rhodocyclaceae","Thauera","","Proteobacteria"
"L004","L082_bin.26","Anoxic","Summer",3.88771654647879,"Bacteria","Proteobacteria","Gammaproteobacteria","Burkholderiales","Burkholderiaceae","Ottowia","Ottowia sp001897615","Proteobacteria"
"L004","L082_bin.27","Anoxic","Summer",1.69606394879874,"Bacteria","Proteobacteria","Gammaproteobacteria","Burkholderiales","Burkholderiaceae","Comamonas","Comamonas denitrificans_A","Proteobacteria"
"L004","L082_bin.9","Anoxic","Summer",0.063157521304255,"Bacteria","Bacteroidota","Bacteroidia","Flavobacteriales","Flavobacteriaceae","Gelidibacter","","Bacteroidota"
"L005","L001_bin.19","Oxic","Summer",0.557567923737916,"Bacteria","Firmicutes_A","Clostridia","Tissierellales","Sedimentibacteraceae","Sedimentibacter","","Firmicutes"
"L005","L001_bin.20","Oxic","Summer",0.133011642475538,"Bacteria","Bacteroidota","Bacteroidia","Bacteroidales","Dysgonomonadaceae","Proteiniphilum","Proteiniphilum sp012728155","Bacteroidota"
"L005","L001_bin.6","Oxic","Summer",0.441665120402483,"Bacteria","Verrucomicrobiota","Kiritimatiellae","RFP12","UBA3636","JAAZFF01","","Verrucomicrobiota"
"L005","L003_bin.3","Oxic","Summer",0.059165223741509,"Bacteria","Fibrobacterota","Chitinivibrionia","Chitinivibrionales","Chitinispirillaceae","JAAYIG01","","Fibrobacterota"
"L005","L003_bin.31","Oxic","Summer",0.0321707425424197,"Bacteria","Bacteroidota","Bacteroidia","Bacteroidales","Lentimicrobiaceae","Lentimicrobium","Lentimicrobium sp002410555","Bacteroidota"
"L005","L004_bin.13","Oxic","Summer",0.457130671244964,"Bacteria","Bacteroidota","Bacteroidia","Chitinophagales","Chitinophagaceae","Ginsengibacter","","Bacteroidota"
"L005","L004_bin.14","Oxic","Summer",15.7138184542399,"Bacteria","Proteobacteria","Gammaproteobacteria","Burkholderiales","Thiobacillaceae","Thiobacillus","Thiobacillus sp001899775","Proteobacteria"
"L005","L004_bin.16","Oxic","Summer",8.08726204066777,"Bacteria","Bacteroidota","Bacteroidia","AKYH767-A","OLB10","OLB10","OLB10 sp001567275","Bacteroidota"
"L005","L004_bin.4","Oxic","Summer",0.476291997650793,"Bacteria","Proteobacteria","Gammaproteobacteria","Pseudomonadales","UBA7239","UBA7239","","Proteobacteria"
"L005","L005_bin.1","Oxic","Summer",0.836183615229786,"Bacteria","Bacteroidota","Bacteroidia","Chitinophagales","Chitinophagaceae","Agriterribacter","","Bacteroidota"
"L005","L005_bin.3","Oxic","Summer",1.53176795163498,"Bacteria","Bacteroidota","Bacteroidia","Chitinophagales","Saprospiraceae","JAEUUM01","","Bacteroidota"
"L005","L005_bin.7","Oxic","Summer",3.76159445473988,"Bacteria","Proteobacteria","Alphaproteobacteria","Caulobacterales","TH1-2","Terricaulis","","Proteobacteria"
"L005","L036_bin.1","Oxic","Summer",0.668971751020194,"Bacteria","Desulfobacterota","Desulfobulbia","Desulfobulbales","Desulfobulbaceae","Desulfobulbus","","Desulfobacterota"
"L005","L036_bin.25","Oxic","Summer",0.344270127408646,"Bacteria","Bacteroidota","Bacteroidia","Bacteroidales","Tannerellaceae","Macellibacteroides","Macellibacteroides fermentans","Bacteroidota"
"L005","L038_bin.2","Oxic","Summer",0.239143351906239,"Bacteria","Firmicutes_A","Clostridia","Tissierellales","Peptoniphilaceae","JAAYQA01","","Firmicutes"
"L005","L038_bin.25","Oxic","Summer",0.272852388212171,"Bacteria","Firmicutes_A","Clostridia","Peptostreptococcales","Anaerovoracaceae","JAAZGD01","","Firmicutes"
"L005","L039_bin.10","Oxic","Summer",7.12409205717393,"Bacteria","Proteobacteria","Gammaproteobacteria","Pseudomonadales","UBA5518","UBA5518","","Proteobacteria"
"L005","L039_bin.13","Oxic","Summer",0.0804647042884521,"Bacteria","Actinobacteriota","Actinomycetia","Actinomycetales","Microbacteriaceae","Terrimesophilobacter","","Actinobacteriota"
"L005","L039_bin.7","Oxic","Summer",0.257955275062656,"Bacteria","Nitrospirota","Nitrospiria","Nitrospirales","Nitrospiraceae","Nitrospira_A","Nitrospira_A sp001567445","Nitrospirota"
"L005","L040_bin.16","Oxic","Summer",0.324980201069835,"Bacteria","Verrucomicrobiota","Verrucomicrobiae","Pedosphaerales","UBA11358","SCTL01","","Verrucomicrobiota"
"L005","L040_bin.20","Oxic","Summer",0.822934475677351,"Bacteria","Proteobacteria","Gammaproteobacteria","Xanthomonadales","Rhodanobacteraceae","Dokdonella_A","Dokdonella_A sp014338185","Proteobacteria"
"L005","L040_bin.21","Oxic","Summer",0.315956659217854,"Bacteria","Myxococcota","Polyangia","Polyangiales","Polyangiaceae","","","Myxococcota"
"L005","L040_bin.7","Oxic","Summer",0.750219363566921,"Bacteria","Proteobacteria","Gammaproteobacteria","Burkholderiales","Thiobacillaceae","PFJX01","","Proteobacteria"
"L005","L040_bin.9","Oxic","Summer",0.24485083047202,"Bacteria","Proteobacteria","Gammaproteobacteria","Burkholderiales","Thiobacillaceae","PFJX01","","Proteobacteria"
"L005","L078_bin.37","Oxic","Summer",1.17661052942271,"Archaea","Halobacteriota","Methanosarcinia","Methanosarcinales","Methanosarcinaceae","Methanosarcina","Methanosarcina mazei","Halobacteriota"
"L005","L081_bin.38","Oxic","Summer",0.657644217742156,"Archaea","Halobacteriota","Methanomicrobia","Methanomicrobiales","Methanoculleaceae","Methanoculleus","","Halobacteriota"
"L005","L081_bin.4","Oxic","Summer",0.103315707923239,"Bacteria","Desulfobacterota_I","Desulfovibrionia","Desulfovibrionales","Desulfovibrionaceae","Desulfovibrio","Desulfovibrio legallii","Desulfobacterota"
"L005","L082_bin.12","Oxic","Summer",0.598535325794119,"Bacteria","Proteobacteria","Gammaproteobacteria","Pseudomonadales","Pseudomonadaceae","Thiopseudomonas","","Proteobacteria"
"L005","L082_bin.19","Oxic","Summer",0.576825289778663,"Bacteria","Proteobacteria","Gammaproteobacteria","Xanthomonadales","Xanthomonadaceae","Thermomonas","","Proteobacteria"
"L005","L082_bin.25","Oxic","Summer",47.9049627419195,"Bacteria","Proteobacteria","Gammaproteobacteria","Burkholderiales","Rhodocyclaceae","Thauera","","Proteobacteria"
"L005","L082_bin.26","Oxic","Summer",4.13459113688781,"Bacteria","Proteobacteria","Gammaproteobacteria","Burkholderiales","Burkholderiaceae","Ottowia","Ottowia sp001897615","Proteobacteria"
"L005","L082_bin.27","Oxic","Summer",1.31319402714756,"Bacteria","Proteobacteria","Gammaproteobacteria","Burkholderiales","Burkholderiaceae","Comamonas","Comamonas denitrificans_A","Proteobacteria"
"L036","L001_bin.19","Influent","Fall",0.800706424683875,"Bacteria","Firmicutes_A","Clostridia","Tissierellales","Sedimentibacteraceae","Sedimentibacter","","Firmicutes"
"L036","L001_bin.3","Influent","Fall",0.928550307616591,"Bacteria","Bacteroidota","Bacteroidia","Bacteroidales","Bacteroidaceae","UBA1179","UBA1179 sp002340405","Bacteroidota"
"L036","L001_bin.7","Influent","Fall",0.735989861941944,"Bacteria","Synergistota","Synergistia","Synergistales","Synergistaceae","Syner-03","Syner-03 sp002316795","Synergistota"
"L036","L003_bin.22","Influent","Fall",2.246822743376,"Bacteria","Synergistota","Synergistia","Synergistales","Dethiosulfovibrionaceae","Pyramidobacter","Pyramidobacter piscolens_A","Synergistota"
"L036","L003_bin.25","Influent","Fall",0.0618513778932966,"Bacteria","Verrucomicrobiota","Verrucomicrobiae","Opitutales","JAFGAQ01","JAFGAQ01","","Verrucomicrobiota"
"L036","L003_bin.29","Influent","Fall",0.13308941476227,"Bacteria","Bacteroidota","Bacteroidia","Bacteroidales","UBA932","RUG11257","RUG11257 sp012513425","Bacteroidota"
"L036","L003_bin.7","Influent","Fall",1.17863985713466,"Bacteria","Bacteroidota","Bacteroidia","Bacteroidales","Dysgonomonadaceae","Fermentimonas","Fermentimonas sp002398875","Bacteroidota"
"L036","L036_bin.1","Influent","Fall",32.2742711009738,"Bacteria","Desulfobacterota","Desulfobulbia","Desulfobulbales","Desulfobulbaceae","Desulfobulbus","","Desulfobacterota"
"L036","L036_bin.10","Influent","Fall",5.08246257554148,"Bacteria","Desulfobacterota_I","Desulfovibrionia","Desulfovibrionales","Desulfovibrionaceae","Solidesulfovibrio","","Desulfobacterota"
"L036","L036_bin.11","Influent","Fall",1.72772340795788,"Bacteria","Spirochaetota","Spirochaetia","Sphaerochaetales","Sphaerochaetaceae","JAAYFO01","JAAYFO01 sp012728215","Spirochaetota"
"L036","L036_bin.17","Influent","Fall",0.783670117775707,"Bacteria","Firmicutes_A","Clostridia","Lachnospirales","Lachnospiraceae","Blautia","Blautia coccoides","Firmicutes"
"L036","L036_bin.19","Influent","Fall",7.31705711825735,"Bacteria","Synergistota","Synergistia","Synergistales","Synergistaceae","","","Synergistota"
"L036","L036_bin.20","Influent","Fall",0.279740472421201,"Bacteria","Firmicutes","Bacilli","Lactobacillales","Aerococcaceae","Trichococcus","Trichococcus flocculiformis","Firmicutes"
"L036","L036_bin.22","Influent","Fall",4.72189744691072,"Bacteria","Desulfobacterota_I","Desulfovibrionia","Desulfovibrionales","Desulfovibrionaceae","Solidesulfovibrio","Solidesulfovibrio alcoholivorans","Desulfobacterota"
"L036","L036_bin.25","Influent","Fall",3.6740586840004,"Bacteria","Bacteroidota","Bacteroidia","Bacteroidales","Tannerellaceae","Macellibacteroides","Macellibacteroides fermentans","Bacteroidota"
"L036","L036_bin.3","Influent","Fall",0.880491790756847,"Bacteria","Firmicutes","Bacilli","RFN20","CAG-826","Onthovivens","","Firmicutes"
"L036","L036_bin.5","Influent","Fall",3.45189484430627,"Bacteria","Firmicutes_C","Negativicutes","Acidaminococcales","Acidaminococcaceae","","","Firmicutes"
"L036","L038_bin.11","Influent","Fall",0.186022704724536,"Bacteria","Firmicutes_B","Syntrophomonadia","Syntrophomonadales","Syntrophomonadaceae","DTU018","","Firmicutes"
"L036","L038_bin.25","Influent","Fall",0.404752698191848,"Bacteria","Firmicutes_A","Clostridia","Peptostreptococcales","Anaerovoracaceae","JAAZGD01","","Firmicutes"
"L036","L040_bin.7","Influent","Fall",0.369910285148073,"Bacteria","Proteobacteria","Gammaproteobacteria","Burkholderiales","Thiobacillaceae","PFJX01","","Proteobacteria"
"L036","L081_bin.10","Influent","Fall",0.149725591607553,"Bacteria","Firmicutes_A","Clostridia","Tissierellales","Peptoniphilaceae","","","Firmicutes"
"L036","L081_bin.12","Influent","Fall",0.369105140509429,"Bacteria","Firmicutes","Bacilli","Erysipelotrichales","Erysipelotrichaceae","Bulleidia","","Firmicutes"
"L036","L081_bin.30","Influent","Fall",1.43329147376745,"Bacteria","Firmicutes_C","Negativicutes","Acidaminococcales","Acidaminococcaceae","","","Firmicutes"
"L036","L081_bin.36","Influent","Fall",5.11454030791101,"Bacteria","Bacteroidota","Bacteroidia","Bacteroidales","Bacteroidaceae","Prevotella","","Bacteroidota"
"L036","L081_bin.4","Influent","Fall",14.7030269502197,"Bacteria","Desulfobacterota_I","Desulfovibrionia","Desulfovibrionales","Desulfovibrionaceae","Desulfovibrio","Desulfovibrio legallii","Desulfobacterota"
"L036","L082_bin.18","Influent","Fall",0.372045409449072,"Bacteria","Synergistota","Synergistia","Synergistales","Synergistaceae","Syner-03","Syner-03 sp012727545","Synergistota"
"L036","L082_bin.25","Influent","Fall",0.876817588212752,"Bacteria","Proteobacteria","Gammaproteobacteria","Burkholderiales","Rhodocyclaceae","Thauera","","Proteobacteria"
"L036","L082_bin.27","Influent","Fall",9.36885700738666,"Bacteria","Proteobacteria","Gammaproteobacteria","Burkholderiales","Burkholderiaceae","Comamonas","Comamonas denitrificans_A","Proteobacteria"
"L036","L082_bin.9","Influent","Fall",0.372987296561601,"Bacteria","Bacteroidota","Bacteroidia","Flavobacteriales","Flavobacteriaceae","Gelidibacter","","Bacteroidota"
"L038","L001_bin.13","AD","Fall",2.76446130877777,"Bacteria","Firmicutes_A","Clostridia","Saccharofermentanales","Fastidiosipilaceae","JAAYZH01","JAAYZH01 sp012514965","Firmicutes"
"L038","L001_bin.14","AD","Fall",2.72120313480298,"Bacteria","Bacteroidota","Bacteroidia","Bacteroidales","4484-276","SABY01","","Bacteroidota"
"L038","L001_bin.17","AD","Fall",0.464149882490583,"Bacteria","Bacteroidota","Bacteroidia","Bacteroidales","Dysgonomonadaceae","UBA2632","UBA2632 sp012840785","Bacteroidota"
"L038","L001_bin.19","AD","Fall",3.2827907291592,"Bacteria","Firmicutes_A","Clostridia","Tissierellales","Sedimentibacteraceae","Sedimentibacter","","Firmicutes"
"L038","L001_bin.20","AD","Fall",1.07059320645038,"Bacteria","Bacteroidota","Bacteroidia","Bacteroidales","Dysgonomonadaceae","Proteiniphilum","Proteiniphilum sp012728155","Bacteroidota"
"L038","L001_bin.6","AD","Fall",0.784366481780607,"Bacteria","Verrucomicrobiota","Kiritimatiellae","RFP12","UBA3636","JAAZFF01","","Verrucomicrobiota"
"L038","L001_bin.7","AD","Fall",2.67848080236179,"Bacteria","Synergistota","Synergistia","Synergistales","Synergistaceae","Syner-03","Syner-03 sp002316795","Synergistota"
"L038","L003_bin.19","AD","Fall",1.92706633611429,"Bacteria","Firmicutes_A","Clostridia","Christensenellales","CAG-74","UBA1038","","Firmicutes"
"L038","L003_bin.22","AD","Fall",6.61236007511546,"Bacteria","Synergistota","Synergistia","Synergistales","Dethiosulfovibrionaceae","Pyramidobacter","Pyramidobacter piscolens_A","Synergistota"
"L038","L003_bin.25","AD","Fall",1.42364525637678,"Bacteria","Verrucomicrobiota","Verrucomicrobiae","Opitutales","JAFGAQ01","JAFGAQ01","","Verrucomicrobiota"
"L038","L003_bin.29","AD","Fall",0.591736073697984,"Bacteria","Bacteroidota","Bacteroidia","Bacteroidales","UBA932","RUG11257","RUG11257 sp012513425","Bacteroidota"
"L038","L003_bin.3","AD","Fall",3.59304712039785,"Bacteria","Fibrobacterota","Chitinivibrionia","Chitinivibrionales","Chitinispirillaceae","JAAYIG01","","Fibrobacterota"
"L038","L003_bin.31","AD","Fall",0.0908214257366334,"Bacteria","Bacteroidota","Bacteroidia","Bacteroidales","Lentimicrobiaceae","Lentimicrobium","Lentimicrobium sp002410555","Bacteroidota"
"L038","L003_bin.7","AD","Fall",1.18312715144659,"Bacteria","Bacteroidota","Bacteroidia","Bacteroidales","Dysgonomonadaceae","Fermentimonas","Fermentimonas sp002398875","Bacteroidota"
"L038","L036_bin.1","AD","Fall",6.39591209933235,"Bacteria","Desulfobacterota","Desulfobulbia","Desulfobulbales","Desulfobulbaceae","Desulfobulbus","","Desulfobacterota"
"L038","L036_bin.10","AD","Fall",0.402263231491839,"Bacteria","Desulfobacterota_I","Desulfovibrionia","Desulfovibrionales","Desulfovibrionaceae","Solidesulfovibrio","","Desulfobacterota"
"L038","L036_bin.11","AD","Fall",0.26092750150822,"Bacteria","Spirochaetota","Spirochaetia","Sphaerochaetales","Sphaerochaetaceae","JAAYFO01","JAAYFO01 sp012728215","Spirochaetota"
"L038","L036_bin.17","AD","Fall",1.60325255750014,"Bacteria","Firmicutes_A","Clostridia","Lachnospirales","Lachnospiraceae","Blautia","Blautia coccoides","Firmicutes"
"L038","L036_bin.19","AD","Fall",1.91942704145241,"Bacteria","Synergistota","Synergistia","Synergistales","Synergistaceae","","","Synergistota"
"L038","L036_bin.22","AD","Fall",0.196625612134503,"Bacteria","Desulfobacterota_I","Desulfovibrionia","Desulfovibrionales","Desulfovibrionaceae","Solidesulfovibrio","Solidesulfovibrio alcoholivorans","Desulfobacterota"
"L038","L036_bin.25","AD","Fall",0.345264608247736,"Bacteria","Bacteroidota","Bacteroidia","Bacteroidales","Tannerellaceae","Macellibacteroides","Macellibacteroides fermentans","Bacteroidota"
"L038","L036_bin.5","AD","Fall",0.170772126576724,"Bacteria","Firmicutes_C","Negativicutes","Acidaminococcales","Acidaminococcaceae","","","Firmicutes"
"L038","L038_bin.11","AD","Fall",3.32986713542643,"Bacteria","Firmicutes_B","Syntrophomonadia","Syntrophomonadales","Syntrophomonadaceae","DTU018","","Firmicutes"
"L038","L038_bin.16","AD","Fall",3.72588642093893,"Bacteria","Firmicutes_A","Clostridia","Clostridiales","Clostridiaceae","JG1575","","Firmicutes"
"L038","L038_bin.2","AD","Fall",1.51842445088816,"Bacteria","Firmicutes_A","Clostridia","Tissierellales","Peptoniphilaceae","JAAYQA01","","Firmicutes"
"L038","L038_bin.23","AD","Fall",1.56375335591883,"Bacteria","Firmicutes_B","Syntrophomonadia","Syntrophomonadales","Syntrophomonadaceae","UBA4844","","Firmicutes"
"L038","L038_bin.25","AD","Fall",1.81764860464298,"Bacteria","Firmicutes_A","Clostridia","Peptostreptococcales","Anaerovoracaceae","JAAZGD01","","Firmicutes"
"L038","L038_bin.7","AD","Fall",1.22787498497795,"Bacteria","Firmicutes_A","Clostridia","Saccharofermentanales","DTU023","UBA4923","UBA4923 sp002427535","Firmicutes"
"L038","L078_bin.10","AD","Fall",1.40402950674612,"Bacteria","Bacteroidota","Bacteroidia","Bacteroidales","VadinHA17","LD21","LD21 sp012729475","Bacteroidota"
"L038","L078_bin.37","AD","Fall",16.67101142233,"Archaea","Halobacteriota","Methanosarcinia","Methanosarcinales","Methanosarcinaceae","Methanosarcina","Methanosarcina mazei","Halobacteriota"
"L038","L078_bin.9","AD","Fall",0.0926517999597324,"Bacteria","Bacteroidota","Bacteroidia","Bacteroidales","Marinilabiliaceae","Geofilum","Geofilum sp002427105","Bacteroidota"
"L038","L080_bin.29","AD","Fall",0.259524665478606,"Archaea","Methanobacteriota","Methanobacteria","Methanobacteriales","Methanobacteriaceae","UBA412","UBA412 sp002495685","Methanobacteriota"
"L038","L081_bin.10","AD","Fall",0.915721177379792,"Bacteria","Firmicutes_A","Clostridia","Tissierellales","Peptoniphilaceae","","","Firmicutes"
"L038","L081_bin.30","AD","Fall",0.395668752287054,"Bacteria","Firmicutes_C","Negativicutes","Acidaminococcales","Acidaminococcaceae","","","Firmicutes"
"L038","L081_bin.36","AD","Fall",0.25229052846178,"Bacteria","Bacteroidota","Bacteroidia","Bacteroidales","Bacteroidaceae","Prevotella","","Bacteroidota"
"L038","L081_bin.38","AD","Fall",6.96196105681441,"Archaea","Halobacteriota","Methanomicrobia","Methanomicrobiales","Methanoculleaceae","Methanoculleus","","Halobacteriota"
"L038","L081_bin.4","AD","Fall",0.653376254452378,"Bacteria","Desulfobacterota_I","Desulfovibrionia","Desulfovibrionales","Desulfovibrionaceae","Desulfovibrio","Desulfovibrio legallii","Desulfobacterota"
"L038","L082_bin.18","AD","Fall",15.8665968826718,"Bacteria","Synergistota","Synergistia","Synergistales","Synergistaceae","Syner-03","Syner-03 sp012727545","Synergistota"
"L038","L082_bin.27","AD","Fall",1.39458760677202,"Bacteria","Proteobacteria","Gammaproteobacteria","Burkholderiales","Burkholderiaceae","Comamonas","Comamonas denitrificans_A","Proteobacteria"
"L038","L082_bin.3","AD","Fall",1.22241852822161,"Bacteria","Bacteroidota","Bacteroidia","Bacteroidales","UBA932","DMER64","DMER64 sp002427525","Bacteroidota"
"L038","L082_bin.9","AD","Fall",0.244413102678585,"Bacteria","Bacteroidota","Bacteroidia","Flavobacteriales","Flavobacteriaceae","Gelidibacter","","Bacteroidota"
"L039","L001_bin.14","Anoxic","Fall",0.0130849685083646,"Bacteria","Bacteroidota","Bacteroidia","Bacteroidales","4484-276","SABY01","","Bacteroidota"
"L039","L001_bin.19","Anoxic","Fall",0.145356932777702,"Bacteria","Firmicutes_A","Clostridia","Tissierellales","Sedimentibacteraceae","Sedimentibacter","","Firmicutes"
"L039","L001_bin.2","Anoxic","Fall",0.0853698300602522,"Bacteria","Firmicutes_A","Clostridia","Saccharofermentanales","Saccharofermentanaceae","DUPM01","DUPM01 sp012838315","Firmicutes"
"L039","L001_bin.20","Anoxic","Fall",0.0613323899213886,"Bacteria","Bacteroidota","Bacteroidia","Bacteroidales","Dysgonomonadaceae","Proteiniphilum","Proteiniphilum sp012728155","Bacteroidota"
"L039","L001_bin.6","Anoxic","Fall",0.246731325010121,"Bacteria","Verrucomicrobiota","Kiritimatiellae","RFP12","UBA3636","JAAZFF01","","Verrucomicrobiota"
"L039","L003_bin.25","Anoxic","Fall",0.131672258885482,"Bacteria","Verrucomicrobiota","Verrucomicrobiae","Opitutales","JAFGAQ01","JAFGAQ01","","Verrucomicrobiota"
"L039","L003_bin.3","Anoxic","Fall",0.996920338758242,"Bacteria","Fibrobacterota","Chitinivibrionia","Chitinivibrionales","Chitinispirillaceae","JAAYIG01","","Fibrobacterota"
"L039","L003_bin.31","Anoxic","Fall",0.0188704202477167,"Bacteria","Bacteroidota","Bacteroidia","Bacteroidales","Lentimicrobiaceae","Lentimicrobium","Lentimicrobium sp002410555","Bacteroidota"
"L039","L004_bin.13","Anoxic","Fall",0.850458987312112,"Bacteria","Bacteroidota","Bacteroidia","Chitinophagales","Chitinophagaceae","Ginsengibacter","","Bacteroidota"
"L039","L004_bin.14","Anoxic","Fall",2.2221122809962,"Bacteria","Proteobacteria","Gammaproteobacteria","Burkholderiales","Thiobacillaceae","Thiobacillus","Thiobacillus sp001899775","Proteobacteria"
"L039","L004_bin.16","Anoxic","Fall",4.72315947461981,"Bacteria","Bacteroidota","Bacteroidia","AKYH767-A","OLB10","OLB10","OLB10 sp001567275","Bacteroidota"
"L039","L004_bin.4","Anoxic","Fall",0.0337130365097864,"Bacteria","Proteobacteria","Gammaproteobacteria","Pseudomonadales","UBA7239","UBA7239","","Proteobacteria"
"L039","L005_bin.1","Anoxic","Fall",0.116488134281782,"Bacteria","Bacteroidota","Bacteroidia","Chitinophagales","Chitinophagaceae","Agriterribacter","","Bacteroidota"
"L039","L005_bin.3","Anoxic","Fall",0.24068507196501,"Bacteria","Bacteroidota","Bacteroidia","Chitinophagales","Saprospiraceae","JAEUUM01","","Bacteroidota"
"L039","L005_bin.7","Anoxic","Fall",0.651532897775036,"Bacteria","Proteobacteria","Alphaproteobacteria","Caulobacterales","TH1-2","Terricaulis","","Proteobacteria"
"L039","L036_bin.1","Anoxic","Fall",1.25599923547601,"Bacteria","Desulfobacterota","Desulfobulbia","Desulfobulbales","Desulfobulbaceae","Desulfobulbus","","Desulfobacterota"
"L039","L036_bin.19","Anoxic","Fall",0.151964066085779,"Bacteria","Synergistota","Synergistia","Synergistales","Synergistaceae","","","Synergistota"
"L039","L036_bin.22","Anoxic","Fall",0.0346446575532346,"Bacteria","Desulfobacterota_I","Desulfovibrionia","Desulfovibrionales","Desulfovibrionaceae","Solidesulfovibrio","Solidesulfovibrio alcoholivorans","Desulfobacterota"
"L039","L036_bin.25","Anoxic","Fall",0.0448752946830488,"Bacteria","Bacteroidota","Bacteroidia","Bacteroidales","Tannerellaceae","Macellibacteroides","Macellibacteroides fermentans","Bacteroidota"
"L039","L038_bin.2","Anoxic","Fall",0.187032696720959,"Bacteria","Firmicutes_A","Clostridia","Tissierellales","Peptoniphilaceae","JAAYQA01","","Firmicutes"
"L039","L038_bin.25","Anoxic","Fall",0.213396348120456,"Bacteria","Firmicutes_A","Clostridia","Peptostreptococcales","Anaerovoracaceae","JAAZGD01","","Firmicutes"
"L039","L038_bin.7","Anoxic","Fall",0.0202618754781039,"Bacteria","Firmicutes_A","Clostridia","Saccharofermentanales","DTU023","UBA4923","UBA4923 sp002427535","Firmicutes"
"L039","L039_bin.10","Anoxic","Fall",4.74865162344898,"Bacteria","Proteobacteria","Gammaproteobacteria","Pseudomonadales","UBA5518","UBA5518","","Proteobacteria"
"L039","L039_bin.13","Anoxic","Fall",0.166177547890645,"Bacteria","Actinobacteriota","Actinomycetia","Actinomycetales","Microbacteriaceae","Terrimesophilobacter","","Actinobacteriota"
"L039","L039_bin.4","Anoxic","Fall",0.425501209660202,"Bacteria","Actinobacteriota","Acidimicrobiia","Acidimicrobiales","UBA8139","","","Actinobacteriota"
"L039","L039_bin.7","Anoxic","Fall",4.24599261917474,"Bacteria","Nitrospirota","Nitrospiria","Nitrospirales","Nitrospiraceae","Nitrospira_A","Nitrospira_A sp001567445","Nitrospirota"
"L039","L040_bin.10","Anoxic","Fall",0.0865201243080973,"Bacteria","Bacteroidota","Bacteroidia","Chitinophagales","LD1","UBA7692","UBA7692 sp001897535","Bacteroidota"
"L039","L040_bin.16","Anoxic","Fall",1.22841938911269,"Bacteria","Verrucomicrobiota","Verrucomicrobiae","Pedosphaerales","UBA11358","SCTL01","","Verrucomicrobiota"
"L039","L040_bin.20","Anoxic","Fall",2.89637502375072,"Bacteria","Proteobacteria","Gammaproteobacteria","Xanthomonadales","Rhodanobacteraceae","Dokdonella_A","Dokdonella_A sp014338185","Proteobacteria"
"L039","L040_bin.21","Anoxic","Fall",2.31419124131071,"Bacteria","Myxococcota","Polyangia","Polyangiales","Polyangiaceae","","","Myxococcota"
"L039","L040_bin.7","Anoxic","Fall",29.3294232230345,"Bacteria","Proteobacteria","Gammaproteobacteria","Burkholderiales","Thiobacillaceae","PFJX01","","Proteobacteria"
"L039","L040_bin.9","Anoxic","Fall",23.071568900276,"Bacteria","Proteobacteria","Gammaproteobacteria","Burkholderiales","Thiobacillaceae","PFJX01","","Proteobacteria"
"L039","L078_bin.10","Anoxic","Fall",0.371765853600984,"Bacteria","Bacteroidota","Bacteroidia","Bacteroidales","VadinHA17","LD21","LD21 sp012729475","Bacteroidota"
"L039","L078_bin.37","Anoxic","Fall",3.54356999382085,"Archaea","Halobacteriota","Methanosarcinia","Methanosarcinales","Methanosarcinaceae","Methanosarcina","Methanosarcina mazei","Halobacteriota"
"L039","L078_bin.9","Anoxic","Fall",0.100185201312586,"Bacteria","Bacteroidota","Bacteroidia","Bacteroidales","Marinilabiliaceae","Geofilum","Geofilum sp002427105","Bacteroidota"
"L039","L080_bin.38","Anoxic","Fall",0.135079169854026,"Bacteria","Actinobacteriota","Actinomycetia","Mycobacteriales","Mycobacteriaceae","Corynebacterium","Corynebacterium sp012838985","Actinobacteriota"
"L039","L081_bin.10","Anoxic","Fall",0.163083387994495,"Bacteria","Firmicutes_A","Clostridia","Tissierellales","Peptoniphilaceae","","","Firmicutes"
"L039","L081_bin.38","Anoxic","Fall",0.80881769238419,"Archaea","Halobacteriota","Methanomicrobia","Methanomicrobiales","Methanoculleaceae","Methanoculleus","","Halobacteriota"
"L039","L082_bin.12","Anoxic","Fall",0.234055588779074,"Bacteria","Proteobacteria","Gammaproteobacteria","Pseudomonadales","Pseudomonadaceae","Thiopseudomonas","","Proteobacteria"
"L039","L082_bin.19","Anoxic","Fall",0.142730029814434,"Bacteria","Proteobacteria","Gammaproteobacteria","Xanthomonadales","Xanthomonadaceae","Thermomonas","","Proteobacteria"
"L039","L082_bin.25","Anoxic","Fall",6.86670068646506,"Bacteria","Proteobacteria","Gammaproteobacteria","Burkholderiales","Rhodocyclaceae","Thauera","","Proteobacteria"
"L039","L082_bin.26","Anoxic","Fall",5.89526718543646,"Bacteria","Proteobacteria","Gammaproteobacteria","Burkholderiales","Burkholderiaceae","Ottowia","Ottowia sp001897615","Proteobacteria"
"L039","L082_bin.27","Anoxic","Fall",0.687873168506385,"Bacteria","Proteobacteria","Gammaproteobacteria","Burkholderiales","Burkholderiaceae","Comamonas","Comamonas denitrificans_A","Proteobacteria"
"L039","L082_bin.3","Anoxic","Fall",0.0585333327085854,"Bacteria","Bacteroidota","Bacteroidia","Bacteroidales","UBA932","DMER64","DMER64 sp002427525","Bacteroidota"
"L039","L082_bin.9","Anoxic","Fall",0.0338552856089838,"Bacteria","Bacteroidota","Bacteroidia","Flavobacteriales","Flavobacteriaceae","Gelidibacter","","Bacteroidota"
"L040","L001_bin.14","Oxic","Fall",0.0103196698097048,"Bacteria","Bacteroidota","Bacteroidia","Bacteroidales","4484-276","SABY01","","Bacteroidota"
"L040","L001_bin.19","Oxic","Fall",0.229276142293875,"Bacteria","Firmicutes_A","Clostridia","Tissierellales","Sedimentibacteraceae","Sedimentibacter","","Firmicutes"
"L040","L001_bin.6","Oxic","Fall",0.21404746863598,"Bacteria","Verrucomicrobiota","Kiritimatiellae","RFP12","UBA3636","JAAZFF01","","Verrucomicrobiota"
"L040","L001_bin.7","Oxic","Fall",0.0567253735419109,"Bacteria","Synergistota","Synergistia","Synergistales","Synergistaceae","Syner-03","Syner-03 sp002316795","Synergistota"
"L040","L003_bin.25","Oxic","Fall",0.359213967890294,"Bacteria","Verrucomicrobiota","Verrucomicrobiae","Opitutales","JAFGAQ01","JAFGAQ01","","Verrucomicrobiota"
"L040","L003_bin.3","Oxic","Fall",0.753949972233017,"Bacteria","Fibrobacterota","Chitinivibrionia","Chitinivibrionales","Chitinispirillaceae","JAAYIG01","","Fibrobacterota"
"L040","L003_bin.9","Oxic","Fall",0.106802051093856,"Bacteria","Bacteroidota","Bacteroidia","Bacteroidales","UBA932","DMER64","DMER64 sp002408205","Bacteroidota"
"L040","L004_bin.13","Oxic","Fall",0.772053688856665,"Bacteria","Bacteroidota","Bacteroidia","Chitinophagales","Chitinophagaceae","Ginsengibacter","","Bacteroidota"
"L040","L004_bin.14","Oxic","Fall",3.51088427546925,"Bacteria","Proteobacteria","Gammaproteobacteria","Burkholderiales","Thiobacillaceae","Thiobacillus","Thiobacillus sp001899775","Proteobacteria"
"L040","L004_bin.16","Oxic","Fall",3.86843367005396,"Bacteria","Bacteroidota","Bacteroidia","AKYH767-A","OLB10","OLB10","OLB10 sp001567275","Bacteroidota"
"L040","L004_bin.4","Oxic","Fall",0.0265883257450041,"Bacteria","Proteobacteria","Gammaproteobacteria","Pseudomonadales","UBA7239","UBA7239","","Proteobacteria"
"L040","L005_bin.1","Oxic","Fall",0.0367480924930951,"Bacteria","Bacteroidota","Bacteroidia","Chitinophagales","Chitinophagaceae","Agriterribacter","","Bacteroidota"
"L040","L005_bin.3","Oxic","Fall",0.108976117137954,"Bacteria","Bacteroidota","Bacteroidia","Chitinophagales","Saprospiraceae","JAEUUM01","","Bacteroidota"
"L040","L005_bin.7","Oxic","Fall",0.586402931991601,"Bacteria","Proteobacteria","Alphaproteobacteria","Caulobacterales","TH1-2","Terricaulis","","Proteobacteria"
"L040","L036_bin.1","Oxic","Fall",0.834946546649256,"Bacteria","Desulfobacterota","Desulfobulbia","Desulfobulbales","Desulfobulbaceae","Desulfobulbus","","Desulfobacterota"
"L040","L036_bin.19","Oxic","Fall",0.397111255954046,"Bacteria","Synergistota","Synergistia","Synergistales","Synergistaceae","","","Synergistota"
"L040","L036_bin.25","Oxic","Fall",0.0707832385605253,"Bacteria","Bacteroidota","Bacteroidia","Bacteroidales","Tannerellaceae","Macellibacteroides","Macellibacteroides fermentans","Bacteroidota"
"L040","L038_bin.2","Oxic","Fall",0.116775844035459,"Bacteria","Firmicutes_A","Clostridia","Tissierellales","Peptoniphilaceae","JAAYQA01","","Firmicutes"
"L040","L038_bin.23","Oxic","Fall",0.15285076152925,"Bacteria","Firmicutes_B","Syntrophomonadia","Syntrophomonadales","Syntrophomonadaceae","UBA4844","","Firmicutes"
"L040","L038_bin.25","Oxic","Fall",0.112198963250194,"Bacteria","Firmicutes_A","Clostridia","Peptostreptococcales","Anaerovoracaceae","JAAZGD01","","Firmicutes"
"L040","L038_bin.7","Oxic","Fall",0.0631539074581933,"Bacteria","Firmicutes_A","Clostridia","Saccharofermentanales","DTU023","UBA4923","UBA4923 sp002427535","Firmicutes"
"L040","L039_bin.10","Oxic","Fall",6.2271517811082,"Bacteria","Proteobacteria","Gammaproteobacteria","Pseudomonadales","UBA5518","UBA5518","","Proteobacteria"
"L040","L039_bin.13","Oxic","Fall",0.11283468240103,"Bacteria","Actinobacteriota","Actinomycetia","Actinomycetales","Microbacteriaceae","Terrimesophilobacter","","Actinobacteriota"
"L040","L039_bin.4","Oxic","Fall",0.695987636126753,"Bacteria","Actinobacteriota","Acidimicrobiia","Acidimicrobiales","UBA8139","","","Actinobacteriota"
"L040","L039_bin.7","Oxic","Fall",3.65754929394463,"Bacteria","Nitrospirota","Nitrospiria","Nitrospirales","Nitrospiraceae","Nitrospira_A","Nitrospira_A sp001567445","Nitrospirota"
"L040","L040_bin.10","Oxic","Fall",0.0886706541220394,"Bacteria","Bacteroidota","Bacteroidia","Chitinophagales","LD1","UBA7692","UBA7692 sp001897535","Bacteroidota"
"L040","L040_bin.16","Oxic","Fall",1.00941066352902,"Bacteria","Verrucomicrobiota","Verrucomicrobiae","Pedosphaerales","UBA11358","SCTL01","","Verrucomicrobiota"
"L040","L040_bin.20","Oxic","Fall",3.33929714793568,"Bacteria","Proteobacteria","Gammaproteobacteria","Xanthomonadales","Rhodanobacteraceae","Dokdonella_A","Dokdonella_A sp014338185","Proteobacteria"
"L040","L040_bin.21","Oxic","Fall",5.10500064175545,"Bacteria","Myxococcota","Polyangia","Polyangiales","Polyangiaceae","","","Myxococcota"
"L040","L040_bin.7","Oxic","Fall",29.1459039170142,"Bacteria","Proteobacteria","Gammaproteobacteria","Burkholderiales","Thiobacillaceae","PFJX01","","Proteobacteria"
"L040","L040_bin.9","Oxic","Fall",24.6025604331071,"Bacteria","Proteobacteria","Gammaproteobacteria","Burkholderiales","Thiobacillaceae","PFJX01","","Proteobacteria"
"L040","L078_bin.10","Oxic","Fall",0.124474033792979,"Bacteria","Bacteroidota","Bacteroidia","Bacteroidales","VadinHA17","LD21","LD21 sp012729475","Bacteroidota"
"L040","L078_bin.28","Oxic","Fall",0.029962223140677,"Bacteria","Firmicutes_A","Clostridia","Clostridiales","Clostridiaceae","Proteiniclasticum","","Firmicutes"
"L040","L078_bin.37","Oxic","Fall",3.30576851839852,"Archaea","Halobacteriota","Methanosarcinia","Methanosarcinales","Methanosarcinaceae","Methanosarcina","Methanosarcina mazei","Halobacteriota"
"L040","L078_bin.9","Oxic","Fall",0.0469159365903837,"Bacteria","Bacteroidota","Bacteroidia","Bacteroidales","Marinilabiliaceae","Geofilum","Geofilum sp002427105","Bacteroidota"
"L040","L080_bin.38","Oxic","Fall",0.106532348944629,"Bacteria","Actinobacteriota","Actinomycetia","Mycobacteriales","Mycobacteriaceae","Corynebacterium","Corynebacterium sp012838985","Actinobacteriota"
"L040","L081_bin.10","Oxic","Fall",0.0571636994337034,"Bacteria","Firmicutes_A","Clostridia","Tissierellales","Peptoniphilaceae","","","Firmicutes"
"L040","L081_bin.18","Oxic","Fall",0.0483793694748546,"Bacteria","Firmicutes_A","Clostridia","Clostridiales","Clostridiaceae","Clostridium","Clostridium sp000435835","Firmicutes"
"L040","L081_bin.38","Oxic","Fall",0.939804819850355,"Archaea","Halobacteriota","Methanomicrobia","Methanomicrobiales","Methanoculleaceae","Methanoculleus","","Halobacteriota"
"L040","L082_bin.12","Oxic","Fall",0.318702590539838,"Bacteria","Proteobacteria","Gammaproteobacteria","Pseudomonadales","Pseudomonadaceae","Thiopseudomonas","","Proteobacteria"
"L040","L082_bin.18","Oxic","Fall",0.0266330872361573,"Bacteria","Synergistota","Synergistia","Synergistales","Synergistaceae","Syner-03","Syner-03 sp012727545","Synergistota"
"L040","L082_bin.19","Oxic","Fall",0.0532175115986178,"Bacteria","Proteobacteria","Gammaproteobacteria","Xanthomonadales","Xanthomonadaceae","Thermomonas","","Proteobacteria"
"L040","L082_bin.25","Oxic","Fall",3.91072426914979,"Bacteria","Proteobacteria","Gammaproteobacteria","Burkholderiales","Rhodocyclaceae","Thauera","","Proteobacteria"
"L040","L082_bin.26","Oxic","Fall",4.15903826321122,"Bacteria","Proteobacteria","Gammaproteobacteria","Burkholderiales","Burkholderiaceae","Ottowia","Ottowia sp001897615","Proteobacteria"
"L040","L082_bin.27","Oxic","Fall",0.4336718573123,"Bacteria","Proteobacteria","Gammaproteobacteria","Burkholderiales","Burkholderiaceae","Comamonas","Comamonas denitrificans_A","Proteobacteria"
"L040","L082_bin.3","Oxic","Fall",0.0263515864385186,"Bacteria","Bacteroidota","Bacteroidia","Bacteroidales","UBA932","DMER64","DMER64 sp002427525","Bacteroidota"
"L040","L082_bin.9","Oxic","Fall",0.0400507691601959,"Bacteria","Bacteroidota","Bacteroidia","Flavobacteriales","Flavobacteriaceae","Gelidibacter","","Bacteroidota"
"L078","L001_bin.13","Influent","Winter",8.39834056615082,"Bacteria","Firmicutes_A","Clostridia","Saccharofermentanales","Fastidiosipilaceae","JAAYZH01","JAAYZH01 sp012514965","Firmicutes"
"L078","L001_bin.2","Influent","Winter",3.04511831230141,"Bacteria","Firmicutes_A","Clostridia","Saccharofermentanales","Saccharofermentanaceae","DUPM01","DUPM01 sp012838315","Firmicutes"
"L078","L001_bin.20","Influent","Winter",0.085307100860913,"Bacteria","Bacteroidota","Bacteroidia","Bacteroidales","Dysgonomonadaceae","Proteiniphilum","Proteiniphilum sp012728155","Bacteroidota"
"L078","L001_bin.7","Influent","Winter",2.71940614447399,"Bacteria","Synergistota","Synergistia","Synergistales","Synergistaceae","Syner-03","Syner-03 sp002316795","Synergistota"
"L078","L003_bin.19","Influent","Winter",1.10614874116317,"Bacteria","Firmicutes_A","Clostridia","Christensenellales","CAG-74","UBA1038","","Firmicutes"
"L078","L003_bin.25","Influent","Winter",0.743427733604217,"Bacteria","Verrucomicrobiota","Verrucomicrobiae","Opitutales","JAFGAQ01","JAFGAQ01","","Verrucomicrobiota"
"L078","L003_bin.29","Influent","Winter",0.209874631367721,"Bacteria","Bacteroidota","Bacteroidia","Bacteroidales","UBA932","RUG11257","RUG11257 sp012513425","Bacteroidota"
"L078","L003_bin.3","Influent","Winter",5.75627796539345,"Bacteria","Fibrobacterota","Chitinivibrionia","Chitinivibrionales","Chitinispirillaceae","JAAYIG01","","Fibrobacterota"
"L078","L003_bin.31","Influent","Winter",2.62030326939844,"Bacteria","Bacteroidota","Bacteroidia","Bacteroidales","Lentimicrobiaceae","Lentimicrobium","Lentimicrobium sp002410555","Bacteroidota"
"L078","L003_bin.9","Influent","Winter",0.521547822049072,"Bacteria","Bacteroidota","Bacteroidia","Bacteroidales","UBA932","DMER64","DMER64 sp002408205","Bacteroidota"
"L078","L036_bin.1","Influent","Winter",15.8427454293407,"Bacteria","Desulfobacterota","Desulfobulbia","Desulfobulbales","Desulfobulbaceae","Desulfobulbus","","Desulfobacterota"
"L078","L036_bin.17","Influent","Winter",0.511404383756947,"Bacteria","Firmicutes_A","Clostridia","Lachnospirales","Lachnospiraceae","Blautia","Blautia coccoides","Firmicutes"
"L078","L036_bin.19","Influent","Winter",3.74844841391455,"Bacteria","Synergistota","Synergistia","Synergistales","Synergistaceae","","","Synergistota"
"L078","L036_bin.20","Influent","Winter",6.16320449203805,"Bacteria","Firmicutes","Bacilli","Lactobacillales","Aerococcaceae","Trichococcus","Trichococcus flocculiformis","Firmicutes"
"L078","L036_bin.25","Influent","Winter",4.46238463611583,"Bacteria","Bacteroidota","Bacteroidia","Bacteroidales","Tannerellaceae","Macellibacteroides","Macellibacteroides fermentans","Bacteroidota"
"L078","L038_bin.16","Influent","Winter",1.12278255681976,"Bacteria","Firmicutes_A","Clostridia","Clostridiales","Clostridiaceae","JG1575","","Firmicutes"
"L078","L038_bin.25","Influent","Winter",0.52953929098237,"Bacteria","Firmicutes_A","Clostridia","Peptostreptococcales","Anaerovoracaceae","JAAZGD01","","Firmicutes"
"L078","L039_bin.4","Influent","Winter",0.535294931776164,"Bacteria","Actinobacteriota","Acidimicrobiia","Acidimicrobiales","UBA8139","","","Actinobacteriota"
"L078","L040_bin.7","Influent","Winter",0.431589826754417,"Bacteria","Proteobacteria","Gammaproteobacteria","Burkholderiales","Thiobacillaceae","PFJX01","","Proteobacteria"
"L078","L078_bin.10","Influent","Winter",3.47914720595439,"Bacteria","Bacteroidota","Bacteroidia","Bacteroidales","VadinHA17","LD21","LD21 sp012729475","Bacteroidota"
"L078","L078_bin.17","Influent","Winter",8.82327559578455,"Bacteria","Bacteroidota","Bacteroidia","Bacteroidales","DTU049","GWF2-43-63","","Bacteroidota"
"L078","L078_bin.28","Influent","Winter",3.4295862407763,"Bacteria","Firmicutes_A","Clostridia","Clostridiales","Clostridiaceae","Proteiniclasticum","","Firmicutes"
"L078","L078_bin.34","Influent","Winter",0.100966923635584,"Bacteria","Bacteroidota","Bacteroidia","Bacteroidales","UBA932","DMER64","DMER64 sp001512865","Bacteroidota"
"L078","L078_bin.37","Influent","Winter",13.2267784214546,"Archaea","Halobacteriota","Methanosarcinia","Methanosarcinales","Methanosarcinaceae","Methanosarcina","Methanosarcina mazei","Halobacteriota"
"L078","L078_bin.9","Influent","Winter",2.73481461340897,"Bacteria","Bacteroidota","Bacteroidia","Bacteroidales","Marinilabiliaceae","Geofilum","Geofilum sp002427105","Bacteroidota"
"L078","L081_bin.10","Influent","Winter",0.337240469866821,"Bacteria","Firmicutes_A","Clostridia","Tissierellales","Peptoniphilaceae","","","Firmicutes"
"L078","L081_bin.36","Influent","Winter",0.346875911863016,"Bacteria","Bacteroidota","Bacteroidia","Bacteroidales","Bacteroidaceae","Prevotella","","Bacteroidota"
"L078","L081_bin.38","Influent","Winter",2.76034268882401,"Archaea","Halobacteriota","Methanomicrobia","Methanomicrobiales","Methanoculleaceae","Methanoculleus","","Halobacteriota"
"L078","L082_bin.12","Influent","Winter",0.985677096085992,"Bacteria","Proteobacteria","Gammaproteobacteria","Pseudomonadales","Pseudomonadaceae","Thiopseudomonas","","Proteobacteria"
"L078","L082_bin.18","Influent","Winter",2.90624763100621,"Bacteria","Synergistota","Synergistia","Synergistales","Synergistaceae","Syner-03","Syner-03 sp012727545","Synergistota"
"L078","L082_bin.27","Influent","Winter",2.06386706268594,"Bacteria","Proteobacteria","Gammaproteobacteria","Burkholderiales","Burkholderiaceae","Comamonas","Comamonas denitrificans_A","Proteobacteria"
"L078","L082_bin.9","Influent","Winter",0.252033890391609,"Bacteria","Bacteroidota","Bacteroidia","Flavobacteriales","Flavobacteriaceae","Gelidibacter","","Bacteroidota"
"L080","L001_bin.13","AD","Winter",3.73768133999682,"Bacteria","Firmicutes_A","Clostridia","Saccharofermentanales","Fastidiosipilaceae","JAAYZH01","JAAYZH01 sp012514965","Firmicutes"
"L080","L001_bin.2","AD","Winter",2.06731449764249,"Bacteria","Firmicutes_A","Clostridia","Saccharofermentanales","Saccharofermentanaceae","DUPM01","DUPM01 sp012838315","Firmicutes"
"L080","L001_bin.20","AD","Winter",3.17687851986368,"Bacteria","Bacteroidota","Bacteroidia","Bacteroidales","Dysgonomonadaceae","Proteiniphilum","Proteiniphilum sp012728155","Bacteroidota"
"L080","L001_bin.7","AD","Winter",0.265646897361816,"Bacteria","Synergistota","Synergistia","Synergistales","Synergistaceae","Syner-03","Syner-03 sp002316795","Synergistota"
"L080","L003_bin.22","AD","Winter",1.43149478050659,"Bacteria","Synergistota","Synergistia","Synergistales","Dethiosulfovibrionaceae","Pyramidobacter","Pyramidobacter piscolens_A","Synergistota"
"L080","L003_bin.25","AD","Winter",2.64249695518967,"Bacteria","Verrucomicrobiota","Verrucomicrobiae","Opitutales","JAFGAQ01","JAFGAQ01","","Verrucomicrobiota"
"L080","L003_bin.29","AD","Winter",0.791167863687751,"Bacteria","Bacteroidota","Bacteroidia","Bacteroidales","UBA932","RUG11257","RUG11257 sp012513425","Bacteroidota"
"L080","L003_bin.3","AD","Winter",0.887196640755574,"Bacteria","Fibrobacterota","Chitinivibrionia","Chitinivibrionales","Chitinispirillaceae","JAAYIG01","","Fibrobacterota"
"L080","L003_bin.31","AD","Winter",0.0677237151317518,"Bacteria","Bacteroidota","Bacteroidia","Bacteroidales","Lentimicrobiaceae","Lentimicrobium","Lentimicrobium sp002410555","Bacteroidota"
"L080","L003_bin.7","AD","Winter",3.39907185328638,"Bacteria","Bacteroidota","Bacteroidia","Bacteroidales","Dysgonomonadaceae","Fermentimonas","Fermentimonas sp002398875","Bacteroidota"
"L080","L036_bin.1","AD","Winter",8.13080886478814,"Bacteria","Desulfobacterota","Desulfobulbia","Desulfobulbales","Desulfobulbaceae","Desulfobulbus","","Desulfobacterota"
"L080","L036_bin.11","AD","Winter",4.69577722201725,"Bacteria","Spirochaetota","Spirochaetia","Sphaerochaetales","Sphaerochaetaceae","JAAYFO01","JAAYFO01 sp012728215","Spirochaetota"
"L080","L036_bin.17","AD","Winter",0.862897541601652,"Bacteria","Firmicutes_A","Clostridia","Lachnospirales","Lachnospiraceae","Blautia","Blautia coccoides","Firmicutes"
"L080","L036_bin.19","AD","Winter",1.22710754292703,"Bacteria","Synergistota","Synergistia","Synergistales","Synergistaceae","","","Synergistota"
"L080","L036_bin.20","AD","Winter",2.4783751702615,"Bacteria","Firmicutes","Bacilli","Lactobacillales","Aerococcaceae","Trichococcus","Trichococcus flocculiformis","Firmicutes"
"L080","L036_bin.25","AD","Winter",0.369447329194809,"Bacteria","Bacteroidota","Bacteroidia","Bacteroidales","Tannerellaceae","Macellibacteroides","Macellibacteroides fermentans","Bacteroidota"
"L080","L036_bin.3","AD","Winter",1.16718982012046,"Bacteria","Firmicutes","Bacilli","RFN20","CAG-826","Onthovivens","","Firmicutes"
"L080","L036_bin.5","AD","Winter",2.67739914821655,"Bacteria","Firmicutes_C","Negativicutes","Acidaminococcales","Acidaminococcaceae","","","Firmicutes"
"L080","L038_bin.11","AD","Winter",3.5280874338024,"Bacteria","Firmicutes_B","Syntrophomonadia","Syntrophomonadales","Syntrophomonadaceae","DTU018","","Firmicutes"
"L080","L038_bin.2","AD","Winter",0.419523946299837,"Bacteria","Firmicutes_A","Clostridia","Tissierellales","Peptoniphilaceae","JAAYQA01","","Firmicutes"
"L080","L038_bin.23","AD","Winter",0.887414100646145,"Bacteria","Firmicutes_B","Syntrophomonadia","Syntrophomonadales","Syntrophomonadaceae","UBA4844","","Firmicutes"
"L080","L038_bin.25","AD","Winter",2.21296286893684,"Bacteria","Firmicutes_A","Clostridia","Peptostreptococcales","Anaerovoracaceae","JAAZGD01","","Firmicutes"
"L080","L038_bin.7","AD","Winter",1.18665344810526,"Bacteria","Firmicutes_A","Clostridia","Saccharofermentanales","DTU023","UBA4923","UBA4923 sp002427535","Firmicutes"
"L080","L040_bin.7","AD","Winter",0.363587420126526,"Bacteria","Proteobacteria","Gammaproteobacteria","Burkholderiales","Thiobacillaceae","PFJX01","","Proteobacteria"
"L080","L078_bin.10","AD","Winter",0.395658652323101,"Bacteria","Bacteroidota","Bacteroidia","Bacteroidales","VadinHA17","LD21","LD21 sp012729475","Bacteroidota"
"L080","L078_bin.17","AD","Winter",0.244034946390007,"Bacteria","Bacteroidota","Bacteroidia","Bacteroidales","DTU049","GWF2-43-63","","Bacteroidota"
"L080","L078_bin.34","AD","Winter",1.1932224824385,"Bacteria","Bacteroidota","Bacteroidia","Bacteroidales","UBA932","DMER64","DMER64 sp001512865","Bacteroidota"
"L080","L078_bin.37","AD","Winter",6.45469706802739,"Archaea","Halobacteriota","Methanosarcinia","Methanosarcinales","Methanosarcinaceae","Methanosarcina","Methanosarcina mazei","Halobacteriota"
"L080","L078_bin.9","AD","Winter",1.44611573698982,"Bacteria","Bacteroidota","Bacteroidia","Bacteroidales","Marinilabiliaceae","Geofilum","Geofilum sp002427105","Bacteroidota"
"L080","L080_bin.38","AD","Winter",8.78878642399794,"Bacteria","Actinobacteriota","Actinomycetia","Mycobacteriales","Mycobacteriaceae","Corynebacterium","Corynebacterium sp012838985","Actinobacteriota"
"L080","L081_bin.10","AD","Winter",0.438965299908855,"Bacteria","Firmicutes_A","Clostridia","Tissierellales","Peptoniphilaceae","","","Firmicutes"
"L080","L081_bin.12","AD","Winter",1.27681496887647,"Bacteria","Firmicutes","Bacilli","Erysipelotrichales","Erysipelotrichaceae","Bulleidia","","Firmicutes"
"L080","L081_bin.18","AD","Winter",2.01704449736859,"Bacteria","Firmicutes_A","Clostridia","Clostridiales","Clostridiaceae","Clostridium","Clostridium sp000435835","Firmicutes"
"L080","L081_bin.30","AD","Winter",2.00951970277622,"Bacteria","Firmicutes_C","Negativicutes","Acidaminococcales","Acidaminococcaceae","","","Firmicutes"
"L080","L081_bin.36","AD","Winter",4.46598120657687,"Bacteria","Bacteroidota","Bacteroidia","Bacteroidales","Bacteroidaceae","Prevotella","","Bacteroidota"
"L080","L081_bin.38","AD","Winter",5.4934165052639,"Archaea","Halobacteriota","Methanomicrobia","Methanomicrobiales","Methanoculleaceae","Methanoculleus","","Halobacteriota"
"L080","L081_bin.4","AD","Winter",8.2196061753267,"Bacteria","Desulfobacterota_I","Desulfovibrionia","Desulfovibrionales","Desulfovibrionaceae","Desulfovibrio","Desulfovibrio legallii","Desulfobacterota"
"L080","L082_bin.18","AD","Winter",2.95176798075784,"Bacteria","Synergistota","Synergistia","Synergistales","Synergistaceae","Syner-03","Syner-03 sp012727545","Synergistota"
"L080","L082_bin.27","AD","Winter",0.558064412287226,"Bacteria","Proteobacteria","Gammaproteobacteria","Burkholderiales","Burkholderiaceae","Comamonas","Comamonas denitrificans_A","Proteobacteria"
"L080","L082_bin.3","AD","Winter",5.09901809926776,"Bacteria","Bacteroidota","Bacteroidia","Bacteroidales","UBA932","DMER64","DMER64 sp002427525","Bacteroidota"
"L080","L082_bin.9","AD","Winter",0.273380920955894,"Bacteria","Bacteroidota","Bacteroidia","Flavobacteriales","Flavobacteriaceae","Gelidibacter","","Bacteroidota"
"L081","L001_bin.13","Anoxic","Winter",3.76625105083532,"Bacteria","Firmicutes_A","Clostridia","Saccharofermentanales","Fastidiosipilaceae","JAAYZH01","JAAYZH01 sp012514965","Firmicutes"
"L081","L001_bin.2","Anoxic","Winter",2.99438384015747,"Bacteria","Firmicutes_A","Clostridia","Saccharofermentanales","Saccharofermentanaceae","DUPM01","DUPM01 sp012838315","Firmicutes"
"L081","L001_bin.20","Anoxic","Winter",0.546927458130948,"Bacteria","Bacteroidota","Bacteroidia","Bacteroidales","Dysgonomonadaceae","Proteiniphilum","Proteiniphilum sp012728155","Bacteroidota"
"L081","L001_bin.7","Anoxic","Winter",0.505129790002956,"Bacteria","Synergistota","Synergistia","Synergistales","Synergistaceae","Syner-03","Syner-03 sp002316795","Synergistota"
"L081","L003_bin.22","Anoxic","Winter",5.05911495742203,"Bacteria","Synergistota","Synergistia","Synergistales","Dethiosulfovibrionaceae","Pyramidobacter","Pyramidobacter piscolens_A","Synergistota"
"L081","L003_bin.25","Anoxic","Winter",2.39439095194731,"Bacteria","Verrucomicrobiota","Verrucomicrobiae","Opitutales","JAFGAQ01","JAFGAQ01","","Verrucomicrobiota"
"L081","L003_bin.29","Anoxic","Winter",0.450418532910232,"Bacteria","Bacteroidota","Bacteroidia","Bacteroidales","UBA932","RUG11257","RUG11257 sp012513425","Bacteroidota"
"L081","L003_bin.3","Anoxic","Winter",2.5982263645893,"Bacteria","Fibrobacterota","Chitinivibrionia","Chitinivibrionales","Chitinispirillaceae","JAAYIG01","","Fibrobacterota"
"L081","L003_bin.31","Anoxic","Winter",0.128777208928317,"Bacteria","Bacteroidota","Bacteroidia","Bacteroidales","Lentimicrobiaceae","Lentimicrobium","Lentimicrobium sp002410555","Bacteroidota"
"L081","L005_bin.7","Anoxic","Winter",0.138272902111921,"Bacteria","Proteobacteria","Alphaproteobacteria","Caulobacterales","TH1-2","Terricaulis","","Proteobacteria"
"L081","L036_bin.1","Anoxic","Winter",4.50561157678695,"Bacteria","Desulfobacterota","Desulfobulbia","Desulfobulbales","Desulfobulbaceae","Desulfobulbus","","Desulfobacterota"
"L081","L036_bin.11","Anoxic","Winter",5.23234133636024,"Bacteria","Spirochaetota","Spirochaetia","Sphaerochaetales","Sphaerochaetaceae","JAAYFO01","JAAYFO01 sp012728215","Spirochaetota"
"L081","L036_bin.19","Anoxic","Winter",2.33335522313866,"Bacteria","Synergistota","Synergistia","Synergistales","Synergistaceae","","","Synergistota"
"L081","L036_bin.2","Anoxic","Winter",0.277667693896148,"Bacteria","Firmicutes_A","Clostridia","Lachnospirales","Lachnospiraceae","Hespellia","Hespellia stercorisuis","Firmicutes"
"L081","L036_bin.20","Anoxic","Winter",3.20836343181566,"Bacteria","Firmicutes","Bacilli","Lactobacillales","Aerococcaceae","Trichococcus","Trichococcus flocculiformis","Firmicutes"
"L081","L036_bin.3","Anoxic","Winter",1.01097924125168,"Bacteria","Firmicutes","Bacilli","RFN20","CAG-826","Onthovivens","","Firmicutes"
"L081","L036_bin.5","Anoxic","Winter",1.52908635091318,"Bacteria","Firmicutes_C","Negativicutes","Acidaminococcales","Acidaminococcaceae","","","Firmicutes"
"L081","L038_bin.11","Anoxic","Winter",1.18515539971624,"Bacteria","Firmicutes_B","Syntrophomonadia","Syntrophomonadales","Syntrophomonadaceae","DTU018","","Firmicutes"
"L081","L038_bin.16","Anoxic","Winter",1.02924942173535,"Bacteria","Firmicutes_A","Clostridia","Clostridiales","Clostridiaceae","JG1575","","Firmicutes"
"L081","L038_bin.2","Anoxic","Winter",2.20589211730388,"Bacteria","Firmicutes_A","Clostridia","Tissierellales","Peptoniphilaceae","JAAYQA01","","Firmicutes"
"L081","L038_bin.23","Anoxic","Winter",0.350102744477753,"Bacteria","Firmicutes_B","Syntrophomonadia","Syntrophomonadales","Syntrophomonadaceae","UBA4844","","Firmicutes"
"L081","L038_bin.25","Anoxic","Winter",1.59174619873025,"Bacteria","Firmicutes_A","Clostridia","Peptostreptococcales","Anaerovoracaceae","JAAZGD01","","Firmicutes"
"L081","L040_bin.7","Anoxic","Winter",1.58502935924725,"Bacteria","Proteobacteria","Gammaproteobacteria","Burkholderiales","Thiobacillaceae","PFJX01","","Proteobacteria"
"L081","L040_bin.9","Anoxic","Winter",1.39683850092654,"Bacteria","Proteobacteria","Gammaproteobacteria","Burkholderiales","Thiobacillaceae","PFJX01","","Proteobacteria"
"L081","L078_bin.10","Anoxic","Winter",1.71119496058273,"Bacteria","Bacteroidota","Bacteroidia","Bacteroidales","VadinHA17","LD21","LD21 sp012729475","Bacteroidota"
"L081","L078_bin.37","Anoxic","Winter",4.63493109975282,"Archaea","Halobacteriota","Methanosarcinia","Methanosarcinales","Methanosarcinaceae","Methanosarcina","Methanosarcina mazei","Halobacteriota"
"L081","L078_bin.9","Anoxic","Winter",1.13132374455207,"Bacteria","Bacteroidota","Bacteroidia","Bacteroidales","Marinilabiliaceae","Geofilum","Geofilum sp002427105","Bacteroidota"
"L081","L081_bin.10","Anoxic","Winter",0.741952157673719,"Bacteria","Firmicutes_A","Clostridia","Tissierellales","Peptoniphilaceae","","","Firmicutes"
"L081","L081_bin.12","Anoxic","Winter",3.30105273993269,"Bacteria","Firmicutes","Bacilli","Erysipelotrichales","Erysipelotrichaceae","Bulleidia","","Firmicutes"
"L081","L081_bin.18","Anoxic","Winter",2.07409353167881,"Bacteria","Firmicutes_A","Clostridia","Clostridiales","Clostridiaceae","Clostridium","Clostridium sp000435835","Firmicutes"
"L081","L081_bin.30","Anoxic","Winter",0.595026832858674,"Bacteria","Firmicutes_C","Negativicutes","Acidaminococcales","Acidaminococcaceae","","","Firmicutes"
"L081","L081_bin.36","Anoxic","Winter",6.95098090594257,"Bacteria","Bacteroidota","Bacteroidia","Bacteroidales","Bacteroidaceae","Prevotella","","Bacteroidota"
"L081","L081_bin.38","Anoxic","Winter",9.60994135194612,"Archaea","Halobacteriota","Methanomicrobia","Methanomicrobiales","Methanoculleaceae","Methanoculleus","","Halobacteriota"
"L081","L081_bin.4","Anoxic","Winter",10.5629271822084,"Bacteria","Desulfobacterota_I","Desulfovibrionia","Desulfovibrionales","Desulfovibrionaceae","Desulfovibrio","Desulfovibrio legallii","Desulfobacterota"
"L081","L082_bin.18","Anoxic","Winter",1.53636557902134,"Bacteria","Synergistota","Synergistia","Synergistales","Synergistaceae","Syner-03","Syner-03 sp012727545","Synergistota"
"L081","L082_bin.26","Anoxic","Winter",0.960376214347856,"Bacteria","Proteobacteria","Gammaproteobacteria","Burkholderiales","Burkholderiaceae","Ottowia","Ottowia sp001897615","Proteobacteria"
"L081","L082_bin.27","Anoxic","Winter",2.29505664402296,"Bacteria","Proteobacteria","Gammaproteobacteria","Burkholderiales","Burkholderiaceae","Comamonas","Comamonas denitrificans_A","Proteobacteria"
"L081","L082_bin.3","Anoxic","Winter",7.3516293017988,"Bacteria","Bacteroidota","Bacteroidia","Bacteroidales","UBA932","DMER64","DMER64 sp002427525","Bacteroidota"
"L081","L082_bin.9","Anoxic","Winter",0.519836100344815,"Bacteria","Bacteroidota","Bacteroidia","Flavobacteriales","Flavobacteriaceae","Gelidibacter","","Bacteroidota"
"L082","L001_bin.13","Oxic","Winter",1.94721358137001,"Bacteria","Firmicutes_A","Clostridia","Saccharofermentanales","Fastidiosipilaceae","JAAYZH01","JAAYZH01 sp012514965","Firmicutes"
"L082","L001_bin.20","Oxic","Winter",1.46613728479624,"Bacteria","Bacteroidota","Bacteroidia","Bacteroidales","Dysgonomonadaceae","Proteiniphilum","Proteiniphilum sp012728155","Bacteroidota"
"L082","L003_bin.3","Oxic","Winter",2.46656815577241,"Bacteria","Fibrobacterota","Chitinivibrionia","Chitinivibrionales","Chitinispirillaceae","JAAYIG01","","Fibrobacterota"
"L082","L003_bin.7","Oxic","Winter",2.19920592719436,"Bacteria","Bacteroidota","Bacteroidia","Bacteroidales","Dysgonomonadaceae","Fermentimonas","Fermentimonas sp002398875","Bacteroidota"
"L082","L004_bin.14","Oxic","Winter",0.718971168505848,"Bacteria","Proteobacteria","Gammaproteobacteria","Burkholderiales","Thiobacillaceae","Thiobacillus","Thiobacillus sp001899775","Proteobacteria"
"L082","L036_bin.1","Oxic","Winter",3.07817629763924,"Bacteria","Desulfobacterota","Desulfobulbia","Desulfobulbales","Desulfobulbaceae","Desulfobulbus","","Desulfobacterota"
"L082","L036_bin.11","Oxic","Winter",0.434726753050048,"Bacteria","Spirochaetota","Spirochaetia","Sphaerochaetales","Sphaerochaetaceae","JAAYFO01","JAAYFO01 sp012728215","Spirochaetota"
"L082","L038_bin.25","Oxic","Winter",0.397728731513874,"Bacteria","Firmicutes_A","Clostridia","Peptostreptococcales","Anaerovoracaceae","JAAZGD01","","Firmicutes"
"L082","L039_bin.10","Oxic","Winter",2.41071904881639,"Bacteria","Proteobacteria","Gammaproteobacteria","Pseudomonadales","UBA5518","UBA5518","","Proteobacteria"
"L082","L039_bin.13","Oxic","Winter",0.30395529075044,"Bacteria","Actinobacteriota","Actinomycetia","Actinomycetales","Microbacteriaceae","Terrimesophilobacter","","Actinobacteriota"
"L082","L039_bin.7","Oxic","Winter",0.498486676830722,"Bacteria","Nitrospirota","Nitrospiria","Nitrospirales","Nitrospiraceae","Nitrospira_A","Nitrospira_A sp001567445","Nitrospirota"
"L082","L040_bin.7","Oxic","Winter",6.03562835473915,"Bacteria","Proteobacteria","Gammaproteobacteria","Burkholderiales","Thiobacillaceae","PFJX01","","Proteobacteria"
"L082","L078_bin.37","Oxic","Winter",0.806727021680059,"Archaea","Halobacteriota","Methanosarcinia","Methanosarcinales","Methanosarcinaceae","Methanosarcina","Methanosarcina mazei","Halobacteriota"
"L082","L081_bin.12","Oxic","Winter",1.78907236352289,"Bacteria","Firmicutes","Bacilli","Erysipelotrichales","Erysipelotrichaceae","Bulleidia","","Firmicutes"
"L082","L081_bin.18","Oxic","Winter",4.07852735588772,"Bacteria","Firmicutes_A","Clostridia","Clostridiales","Clostridiaceae","Clostridium","Clostridium sp000435835","Firmicutes"
"L082","L081_bin.36","Oxic","Winter",0.0647385294585353,"Bacteria","Bacteroidota","Bacteroidia","Bacteroidales","Bacteroidaceae","Prevotella","","Bacteroidota"
"L082","L081_bin.38","Oxic","Winter",0.286486595879725,"Archaea","Halobacteriota","Methanomicrobia","Methanomicrobiales","Methanoculleaceae","Methanoculleus","","Halobacteriota"
"L082","L081_bin.4","Oxic","Winter",1.68444673764227,"Bacteria","Desulfobacterota_I","Desulfovibrionia","Desulfovibrionales","Desulfovibrionaceae","Desulfovibrio","Desulfovibrio legallii","Desulfobacterota"
"L082","L082_bin.12","Oxic","Winter",2.488877709677,"Bacteria","Proteobacteria","Gammaproteobacteria","Pseudomonadales","Pseudomonadaceae","Thiopseudomonas","","Proteobacteria"
"L082","L082_bin.19","Oxic","Winter",0.414254856092012,"Bacteria","Proteobacteria","Gammaproteobacteria","Xanthomonadales","Xanthomonadaceae","Thermomonas","","Proteobacteria"
"L082","L082_bin.25","Oxic","Winter",43.0616180202889,"Bacteria","Proteobacteria","Gammaproteobacteria","Burkholderiales","Rhodocyclaceae","Thauera","","Proteobacteria"
"L082","L082_bin.26","Oxic","Winter",10.0468316481475,"Bacteria","Proteobacteria","Gammaproteobacteria","Burkholderiales","Burkholderiaceae","Ottowia","Ottowia sp001897615","Proteobacteria"
"L082","L082_bin.27","Oxic","Winter",11.4386936062919,"Bacteria","Proteobacteria","Gammaproteobacteria","Burkholderiales","Burkholderiaceae","Comamonas","Comamonas denitrificans_A","Proteobacteria"
"L082","L082_bin.3","Oxic","Winter",1.6346155641726,"Bacteria","Bacteroidota","Bacteroidia","Bacteroidales","UBA932","DMER64","DMER64 sp002427525","Bacteroidota"
"L082","L082_bin.9","Oxic","Winter",0.24759272028016,"Bacteria","Bacteroidota","Bacteroidia","Flavobacteriales","Flavobacteriaceae","Gelidibacter","","Bacteroidota"
