"gene_id","spectral_count","peptide_count","nsaf","bin_id","domain","phylum","class","order","family","genus","species","cog_code","cog_name"
"k141_293784_length_9111_cov_85.7291_6",6,5,0.00192361705293073,"bin.17","Bacteria","Bacteroidota","Bacteroidia","Bacteroidales","Dysgonomonadaceae","UBA2632","UBA2632 sp012840785","S","Function unknown"
"k141_92185_length_13564_cov_36.0000_1",3,2,0.00119123074378738,"bin.6","Bacteria","Verrucomicrobiota","Kiritimatiellae","RFP12","UBA3636","JAAZFF01","","S","Function unknown"
"k141_237236_length_91790_cov_41.0001_18",3,3,0.000725386318842593,"bin.3","Bacteria","Bacteroidota","Bacteroidia","Bacteroidales","Bacteroidaceae","UBA1179","UBA1179 sp002340405","-",NA
"k141_84614_length_46892_cov_52.0000_12",6,4,0.00279234733489944,"bin.13","Bacteria","Firmicutes_A","Clostridia","Saccharofermentanales","Fastidiosipilaceae","JAAYZH01","JAAYZH01 sp012514965","S","Function unknown"
"k141_424576_length_13422_cov_150.0000_3",2,2,0.000641205684310242,"bin.20","Bacteria","Bacteroidota","Bacteroidia","Bacteroidales","Dysgonomonadaceae","Proteiniphilum","Proteiniphilum sp012728155","S","Function unknown"
"k141_147471_length_12557_cov_333.4841_3",3,4,0.000405446217245352,"bin.23","Bacteria","Bacteroidota","Bacteroidia","Bacteroidales","Dysgonomonadaceae","Fermentimonas","Fermentimonas sp002398875","S","Function unknown"
"k141_424576_length_13422_cov_150.0000_10",4,4,0.000408314940480579,"bin.20","Bacteria","Bacteroidota","Bacteroidia","Bacteroidales","Dysgonomonadaceae","Proteiniphilum","Proteiniphilum sp012728155","S","Function unknown"
"k141_65446_length_7540_cov_59.0000_4",9,6,0.000339018671208418,"bin.12","Bacteria","Verrucomicrobiota","Verrucomicrobiae","Opitutales","JAFGAQ01","JAFGAQ01","","M","Cell wall/membrane/envelope biogenesis"
"k141_282244_length_29174_cov_171.8657_22",7,7,0.000901695493561278,"bin.20","Bacteria","Bacteroidota","Bacteroidia","Bacteroidales","Dysgonomonadaceae","Proteiniphilum","Proteiniphilum sp012728155","M","Cell wall/membrane/envelope biogenesis"
"k141_91239_length_4775_cov_32.0000_1",5,5,0.000182930615768983,"bin.12","Bacteria","Verrucomicrobiota","Verrucomicrobiae","Opitutales","JAFGAQ01","JAFGAQ01","","P","Inorganic ion transport and metabolism"
"k141_88717_length_7586_cov_56.9828_1",3,3,0.000250181408618158,"bin.12","Bacteria","Verrucomicrobiota","Verrucomicrobiae","Opitutales","JAFGAQ01","JAFGAQ01","","P","Inorganic ion transport and metabolism"
"k141_34746_length_12269_cov_329.2089_1",4,4,0.000167432818920469,"bin.23","Bacteria","Bacteroidota","Bacteroidia","Bacteroidales","Dysgonomonadaceae","Fermentimonas","Fermentimonas sp002398875","H","Coenzyme transport and metabolism"
"k141_145117_length_17212_cov_62.3049_3",3,2,0.00111934612993814,"bin.19","Bacteria","Firmicutes_A","Clostridia","Tissierellales","Sedimentibacteraceae","Sedimentibacter","","S","Function unknown"
"k141_115959_length_47526_cov_173.0443_9",7,6,0.0023395342535644,"bin.20","Bacteria","Bacteroidota","Bacteroidia","Bacteroidales","Dysgonomonadaceae","Proteiniphilum","Proteiniphilum sp012728155","J","Translation, ribosomal structure and biogenesis"
"k141_244620_length_7976_cov_22.0000_3",2,2,0.000340798296779066,"bin.24","Bacteria","Firmicutes_B","Syntrophomonadia","Syntrophomonadales","Syntrophomonadaceae","UBA1368","UBA1368 sp012515055","S","Function unknown"
"k141_266078_length_7874_cov_33.0000_2",3,3,0.000141906176035873,"bin.12","Bacteria","Verrucomicrobiota","Verrucomicrobiae","Opitutales","JAFGAQ01","JAFGAQ01","","U","Intracellular trafficking, secretion, and vesicular transport"
"k141_266078_length_7874_cov_33.0000_2",3,3,0.000141906176035873,"bin.12","Bacteria","Verrucomicrobiota","Verrucomicrobiae","Opitutales","JAFGAQ01","JAFGAQ01","","W","Extracellular structures"
"k141_353088_length_3948_cov_50.0000_3",9,8,0.00173125534763765,"bin.19","Bacteria","Firmicutes_A","Clostridia","Tissierellales","Sedimentibacteraceae","Sedimentibacter","","K","Transcription"
"k141_353088_length_3948_cov_50.0000_3",9,8,0.00173125534763765,"bin.19","Bacteria","Firmicutes_A","Clostridia","Tissierellales","Sedimentibacteraceae","Sedimentibacter","","T","Signal transduction mechanisms"
"k141_433846_length_21440_cov_78.2480_20",2,2,0.000703762336438071,"bin.17","Bacteria","Bacteroidota","Bacteroidia","Bacteroidales","Dysgonomonadaceae","UBA2632","UBA2632 sp012840785","J","Translation, ribosomal structure and biogenesis"
"k141_448250_length_105969_cov_168.4614_47",17,9,0.000852588091246817,"bin.20","Bacteria","Bacteroidota","Bacteroidia","Bacteroidales","Dysgonomonadaceae","Proteiniphilum","Proteiniphilum sp012728155","Q","Secondary metabolites biosynthesis, transport and catabolism"
"k141_334688_length_72106_cov_37.9661_45",5,4,0.00146220890847775,"bin.3","Bacteria","Bacteroidota","Bacteroidia","Bacteroidales","Bacteroidaceae","UBA1179","UBA1179 sp002340405","L","Replication, recombination and repair"
"k141_432958_length_3526_cov_21.0000_3",4,3,0.000861321068476445,"bin.11","Bacteria","Proteobacteria","Gammaproteobacteria","Burkholderiales","Burkholderiaceae","Advenella","Advenella faeciporci","M","Cell wall/membrane/envelope biogenesis"
"k141_159941_length_74615_cov_161.8572_32",32,21,0.00118680743625546,"bin.20","Bacteria","Bacteroidota","Bacteroidia","Bacteroidales","Dysgonomonadaceae","Proteiniphilum","Proteiniphilum sp012728155","N","Cell motility"
"k141_23760_length_26067_cov_155.4310_20",4,4,0.000354039948392158,"bin.20","Bacteria","Bacteroidota","Bacteroidia","Bacteroidales","Dysgonomonadaceae","Proteiniphilum","Proteiniphilum sp012728155","S","Function unknown"
"k141_316353_length_7315_cov_87.2409_11",2,2,0.000808997825998904,"bin.8","Bacteria","Firmicutes_A","Clostridia","Saccharofermentanales","DTU023","DTU032","DTU032 sp012728535","S","Function unknown"
"k141_40850_length_88611_cov_153.5632_7",4,2,0.000878809821135865,"bin.20","Bacteria","Bacteroidota","Bacteroidia","Bacteroidales","Dysgonomonadaceae","Proteiniphilum","Proteiniphilum sp012728155","J","Translation, ribosomal structure and biogenesis"
"k141_89366_length_1660_cov_46.0000_2",4,4,0.00106211984517648,"bin.19","Bacteria","Firmicutes_A","Clostridia","Tissierellales","Sedimentibacteraceae","Sedimentibacter","","S","Function unknown"
"k141_159941_length_74615_cov_161.8572_30",10,8,0.00117293722739678,"bin.20","Bacteria","Bacteroidota","Bacteroidia","Bacteroidales","Dysgonomonadaceae","Proteiniphilum","Proteiniphilum sp012728155","M","Cell wall/membrane/envelope biogenesis"
"k141_252048_length_2767_cov_29.0000_1",6,7,0.00188179929091049,"bin.4","Bacteria","Bacteroidota","Bacteroidia","Bacteroidales","Marinilabiliaceae","Geofilum","Geofilum sp002427105","P","Inorganic ion transport and metabolism"
"k141_309070_length_5591_cov_20.0073_4",2,2,0.000605334037635544,"bin.21","Bacteria","Proteobacteria","Gammaproteobacteria","Pseudomonadales","Moraxellaceae","Acinetobacter","Acinetobacter towneri","F","Nucleotide transport and metabolism"
"k141_64647_length_2585_cov_21.0000_4",4,3,0.00166466860349774,"bin.11","Bacteria","Proteobacteria","Gammaproteobacteria","Burkholderiales","Burkholderiaceae","Advenella","Advenella faeciporci","M","Cell wall/membrane/envelope biogenesis"
"k141_384435_length_14709_cov_321.3164_17",6,4,0.00295100343347327,"bin.23","Bacteria","Bacteroidota","Bacteroidia","Bacteroidales","Dysgonomonadaceae","Fermentimonas","Fermentimonas sp002398875","L","Replication, recombination and repair"
"k141_23760_length_26067_cov_155.4310_16",10,8,0.000764688757790483,"bin.20","Bacteria","Bacteroidota","Bacteroidia","Bacteroidales","Dysgonomonadaceae","Proteiniphilum","Proteiniphilum sp012728155","S","Function unknown"
"k141_292399_length_20644_cov_156.2494_20",6,5,0.000709530880179367,"bin.20","Bacteria","Bacteroidota","Bacteroidia","Bacteroidales","Dysgonomonadaceae","Proteiniphilum","Proteiniphilum sp012728155","G","Carbohydrate transport and metabolism"
"k141_121525_length_2267_cov_346.9793_1",8,6,0.000912253988802043,"bin.23","Bacteria","Bacteroidota","Bacteroidia","Bacteroidales","Dysgonomonadaceae","Fermentimonas","Fermentimonas sp002398875","G","Carbohydrate transport and metabolism"
"k141_270852_length_14377_cov_170.0000_8",5,3,0.0014237297266757,"bin.20","Bacteria","Bacteroidota","Bacteroidia","Bacteroidales","Dysgonomonadaceae","Proteiniphilum","Proteiniphilum sp012728155","L","Replication, recombination and repair"
"k141_169562_length_2092_cov_19.0000_2",3,3,0.000598360143192738,"bin.21","Bacteria","Proteobacteria","Gammaproteobacteria","Pseudomonadales","Moraxellaceae","Acinetobacter","Acinetobacter towneri","M","Cell wall/membrane/envelope biogenesis"
"k141_210132_length_3535_cov_22.0000_4",2,2,0.000808997825998904,"bin.4","Bacteria","Bacteroidota","Bacteroidia","Bacteroidales","Marinilabiliaceae","Geofilum","Geofilum sp002427105","S","Function unknown"
"k141_16637_length_25685_cov_164.0000_9",12,10,0.000954736404947236,"bin.20","Bacteria","Bacteroidota","Bacteroidia","Bacteroidales","Dysgonomonadaceae","Proteiniphilum","Proteiniphilum sp012728155","O","Posttranslational modification, protein turnover, chaperones"
"k141_346091_length_4284_cov_37.0000_8",2,2,0.000363709106646566,"bin.9","Bacteria","Bacteroidota","Bacteroidia","Bacteroidales","Dysgonomonadaceae","Petrimonas","Petrimonas sp002356435","O","Posttranslational modification, protein turnover, chaperones"
"k141_133867_length_12778_cov_31.0000_11",2,2,0.000150806214951015,"bin.4","Bacteria","Bacteroidota","Bacteroidia","Bacteroidales","Marinilabiliaceae","Geofilum","Geofilum sp002427105","U","Intracellular trafficking, secretion, and vesicular transport"
"k141_43158_length_6981_cov_119.5635_2",4,4,0.00140372055213864,"bin.7","Bacteria","Synergistota","Synergistia","Synergistales","Synergistaceae","Syner-03","Syner-03 sp002316795","J","Translation, ribosomal structure and biogenesis"
"k141_404188_length_1828_cov_21.0000_1",2,2,0.000220261494610389,"bin.16","Bacteria","Campylobacterota","Campylobacteria","Campylobacterales","Arcobacteraceae","Aliarcobacter","","D","Cell cycle control, cell division, chromosome partitioning"
"k141_472377_length_5597_cov_57.0000_5",2,2,0.00099497433772279,"bin.19","Bacteria","Firmicutes_A","Clostridia","Tissierellales","Sedimentibacteraceae","Sedimentibacter","","J","Translation, ribosomal structure and biogenesis"
"k141_94333_length_14987_cov_267.1552_8",8,4,0.00146097497690941,"bin.23","Bacteria","Bacteroidota","Bacteroidia","Bacteroidales","Dysgonomonadaceae","Fermentimonas","Fermentimonas sp002398875","O","Posttranslational modification, protein turnover, chaperones"
"k141_7158_length_3049_cov_115.0000_1",2,2,0.000703762336438071,"bin.7","Bacteria","Synergistota","Synergistia","Synergistales","Synergistaceae","Syner-03","Syner-03 sp002316795","C","Energy production and conversion"
"k141_400149_length_12103_cov_77.5573_3",2,2,0.000983667811157758,"bin.17","Bacteria","Bacteroidota","Bacteroidia","Bacteroidales","Dysgonomonadaceae","UBA2632","UBA2632 sp012840785","L","Replication, recombination and repair"
"k141_379624_length_33727_cov_76.3144_21",4,4,0.00143078954350219,"bin.5","Bacteria","Cloacimonadota","Cloacimonadia","Cloacimonadales","Cloacimonadaceae","UBA5456","UBA5456 sp018433885","C","Energy production and conversion"
"k141_239268_length_3866_cov_34.0000_2",6,4,0.000320602842155121,"bin.19","Bacteria","Firmicutes_A","Clostridia","Tissierellales","Sedimentibacteraceae","Sedimentibacter","","E","Amino acid transport and metabolism"
"k141_444396_length_1740_cov_62.9994_2",3,3,0.000301262531491471,"bin.19","Bacteria","Firmicutes_A","Clostridia","Tissierellales","Sedimentibacteraceae","Sedimentibacter","","C","Energy production and conversion"
"k141_282040_length_12815_cov_137.0000_9",3,3,0.000240452131616341,"bin.20","Bacteria","Bacteroidota","Bacteroidia","Bacteroidales","Dysgonomonadaceae","Proteiniphilum","Proteiniphilum sp012728155","S","Function unknown"
"k141_30149_length_16872_cov_35.0000_9",2,2,5.4786561634103e-05,"bin.12","Bacteria","Verrucomicrobiota","Verrucomicrobiae","Opitutales","JAFGAQ01","JAFGAQ01","","L","Replication, recombination and repair"
"k141_142593_length_8060_cov_25.0000_8",3,4,0.000438292493072824,"bin.22","Bacteria","Bacteroidota","Bacteroidia","Bacteroidales","UBA932","DMER64","DMER64 sp002427525","J","Translation, ribosomal structure and biogenesis"
"k141_93675_length_29283_cov_169.8161_27",2,2,0.000573263360144919,"bin.20","Bacteria","Bacteroidota","Bacteroidia","Bacteroidales","Dysgonomonadaceae","Proteiniphilum","Proteiniphilum sp012728155","-",NA
"k141_428025_length_4672_cov_61.2214_3",5,3,0.00102562520594648,"bin.9","Bacteria","Bacteroidota","Bacteroidia","Bacteroidales","Dysgonomonadaceae","Petrimonas","Petrimonas sp002356435","U","Intracellular trafficking, secretion, and vesicular transport"
"k141_266522_length_2406_cov_55.0000_4",2,2,0.000224255874046328,"bin.19","Bacteria","Firmicutes_A","Clostridia","Tissierellales","Sedimentibacteraceae","Sedimentibacter","","C","Energy production and conversion"
"k141_7158_length_3049_cov_115.0000_2",3,2,0.000827032809381045,"bin.7","Bacteria","Synergistota","Synergistia","Synergistales","Synergistaceae","Syner-03","Syner-03 sp002316795","C","Energy production and conversion"
"k141_100586_length_1517_cov_45.0000_4",3,2,0.00127298187326298,"bin.19","Bacteria","Firmicutes_A","Clostridia","Tissierellales","Sedimentibacteraceae","Sedimentibacter","","S","Function unknown"
"k141_378170_length_5348_cov_23.0000_4",2,2,0.000177019974196079,"bin.16","Bacteria","Campylobacterota","Campylobacteria","Campylobacterales","Arcobacteraceae","Aliarcobacter","","S","Function unknown"
"k141_446147_length_1881_cov_19.0000_2",3,3,0.000827032809381045,"bin.11","Bacteria","Proteobacteria","Gammaproteobacteria","Burkholderiales","Burkholderiaceae","Advenella","Advenella faeciporci","P","Inorganic ion transport and metabolism"
"k141_406768_length_16058_cov_40.4473_8",4,4,0.000189415245912216,"bin.12","Bacteria","Verrucomicrobiota","Verrucomicrobiae","Opitutales","JAFGAQ01","JAFGAQ01","","U","Intracellular trafficking, secretion, and vesicular transport"
"k141_406768_length_16058_cov_40.4473_8",4,4,0.000189415245912216,"bin.12","Bacteria","Verrucomicrobiota","Verrucomicrobiae","Opitutales","JAFGAQ01","JAFGAQ01","","W","Extracellular structures"
"k141_450955_length_18330_cov_30.0000_14",3,2,0.00107309215762665,"bin.4","Bacteria","Bacteroidota","Bacteroidia","Bacteroidales","Marinilabiliaceae","Geofilum","Geofilum sp002427105","S","Function unknown"
"k141_328875_length_13785_cov_30.0000_13",2,2,0.000920880504062582,"bin.4","Bacteria","Bacteroidota","Bacteroidia","Bacteroidales","Marinilabiliaceae","Geofilum","Geofilum sp002427105","L","Replication, recombination and repair"
"k141_199752_length_4293_cov_56.0000_2",3,3,0.00141134946818287,"bin.19","Bacteria","Firmicutes_A","Clostridia","Tissierellales","Sedimentibacteraceae","Sedimentibacter","","L","Replication, recombination and repair"
"k141_192_length_1783_cov_21.0000_3",4,3,0.00141906176035873,"bin.16","Bacteria","Campylobacterota","Campylobacteria","Campylobacterales","Arcobacteraceae","Aliarcobacter","","J","Translation, ribosomal structure and biogenesis"
"k141_294046_length_25432_cov_46.0000_22",2,2,0.000901695493561278,"bin.13","Bacteria","Firmicutes_A","Clostridia","Saccharofermentanales","Fastidiosipilaceae","JAAYZH01","JAAYZH01 sp012514965","S","Function unknown"
"k141_84505_length_3036_cov_62.0000_1",4,3,0.000173820818035909,"bin.12","Bacteria","Verrucomicrobiota","Verrucomicrobiae","Opitutales","JAFGAQ01","JAFGAQ01","","P","Inorganic ion transport and metabolism"
"k141_225298_length_4882_cov_23.0000_4",3,3,0.00124850145262331,"bin.16","Bacteria","Campylobacterota","Campylobacteria","Campylobacterales","Arcobacteraceae","Aliarcobacter","","J","Translation, ribosomal structure and biogenesis"
"k141_30186_length_4498_cov_20.0000_3",3,3,0.000877325345086649,"bin.21","Bacteria","Proteobacteria","Gammaproteobacteria","Pseudomonadales","Moraxellaceae","Acinetobacter","Acinetobacter towneri","J","Translation, ribosomal structure and biogenesis"
"k141_139193_length_9890_cov_35.0000_9",2,2,0.000175228274052394,"bin.4","Bacteria","Bacteroidota","Bacteroidia","Bacteroidales","Marinilabiliaceae","Geofilum","Geofilum sp002427105","S","Function unknown"
"k141_291414_length_22013_cov_78.5491_2",6,5,0.00360678197424511,"bin.17","Bacteria","Bacteroidota","Bacteroidia","Bacteroidales","Dysgonomonadaceae","UBA2632","UBA2632 sp012840785","L","Replication, recombination and repair"
"k141_416651_length_2056_cov_16.0000_2",2,2,0.00031707973399957,"bin.11","Bacteria","Proteobacteria","Gammaproteobacteria","Burkholderiales","Burkholderiaceae","Advenella","Advenella faeciporci","J","Translation, ribosomal structure and biogenesis"
"k141_416651_length_2056_cov_16.0000_2",2,2,0.00031707973399957,"bin.11","Bacteria","Proteobacteria","Gammaproteobacteria","Burkholderiales","Burkholderiaceae","Advenella","Advenella faeciporci","M","Cell wall/membrane/envelope biogenesis"
"k141_235433_length_37823_cov_39.0000_7",2,2,0.000215330267119111,"bin.3","Bacteria","Bacteroidota","Bacteroidia","Bacteroidales","Bacteroidaceae","UBA1179","UBA1179 sp002340405","P","Inorganic ion transport and metabolism"
"k141_195020_length_6215_cov_21.0000_3",5,3,0.000822839994124361,"bin.11","Bacteria","Proteobacteria","Gammaproteobacteria","Burkholderiales","Burkholderiaceae","Advenella","Advenella faeciporci","S","Function unknown"
"k141_310121_length_8154_cov_28.0000_3",3,3,0.00138132075609387,"bin.1","Bacteria","Bacteroidota","Bacteroidia","Bacteroidales","Lentimicrobiaceae","Lentimicrobium","Lentimicrobium sp002410555","L","Replication, recombination and repair"
"k141_57981_length_65253_cov_330.0829_49",2,2,0.000177382720044842,"bin.23","Bacteria","Bacteroidota","Bacteroidia","Bacteroidales","Dysgonomonadaceae","Fermentimonas","Fermentimonas sp002398875","O","Posttranslational modification, protein turnover, chaperones"
"k141_55803_length_24889_cov_163.9132_16",8,4,0.00466760020196426,"bin.20","Bacteria","Bacteroidota","Bacteroidia","Bacteroidales","Dysgonomonadaceae","Proteiniphilum","Proteiniphilum sp012728155","S","Function unknown"
"k141_453513_length_5743_cov_33.0000_6",2,2,0.000961808526465364,"bin.4","Bacteria","Bacteroidota","Bacteroidia","Bacteroidales","Marinilabiliaceae","Geofilum","Geofilum sp002427105","L","Replication, recombination and repair"
"k141_439063_length_14279_cov_98.5281_3",2,2,0.00048905518294849,"bin.27","Bacteria","Synergistota","Synergistia","Synergistales","Synergistaceae","Syner-03","","C","Energy production and conversion"
"k141_270354_length_17620_cov_24.4286_3",7,6,0.000875353827457241,"bin.1","Bacteria","Bacteroidota","Bacteroidia","Bacteroidales","Lentimicrobiaceae","Lentimicrobium","Lentimicrobium sp002410555","C","Energy production and conversion"
"k141_352439_length_60693_cov_111.6976_47",2,2,0.000715394771751097,"bin.7","Bacteria","Synergistota","Synergistia","Synergistales","Synergistaceae","Syner-03","Syner-03 sp002316795","K","Transcription"
"k141_33343_length_1505_cov_21.0000_2",2,2,0.000357697385875548,"bin.16","Bacteria","Campylobacterota","Campylobacteria","Campylobacterales","Arcobacteraceae","Aliarcobacter","","S","Function unknown"
"k141_319578_length_4510_cov_61.0000_5",4,4,0.000886308198449311,"bin.19","Bacteria","Firmicutes_A","Clostridia","Tissierellales","Sedimentibacteraceae","Sedimentibacter","","J","Translation, ribosomal structure and biogenesis"
"k141_57230_length_19146_cov_103.5877_19",10,9,0.0021731238673276,"bin.17","Bacteria","Bacteroidota","Bacteroidia","Bacteroidales","Dysgonomonadaceae","UBA2632","UBA2632 sp012840785","K","Transcription"
"k141_25409_length_2958_cov_27.0000_1",2,2,0.000402617522706431,"bin.16","Bacteria","Campylobacterota","Campylobacteria","Campylobacterales","Arcobacteraceae","Aliarcobacter","","P","Inorganic ion transport and metabolism"
"k141_286360_length_67625_cov_161.1843_19",4,3,0.00110271041250806,"bin.20","Bacteria","Bacteroidota","Bacteroidia","Bacteroidales","Dysgonomonadaceae","Proteiniphilum","Proteiniphilum sp012728155","P","Inorganic ion transport and metabolism"
"k141_284564_length_21372_cov_60.0759_17",3,3,0.000259688302145648,"bin.12","Bacteria","Verrucomicrobiota","Verrucomicrobiae","Opitutales","JAFGAQ01","JAFGAQ01","","C","Energy production and conversion"
"k141_39512_length_2046_cov_40.0000_2",3,3,0.000801507105387803,"bin.28","Bacteria","Synergistota","Synergistia","Synergistales","Synergistaceae","Syner-03","Syner-03 sp002839185","P","Inorganic ion transport and metabolism"
"k141_467195_length_34103_cov_158.7727_28",3,3,0.000574531641915151,"bin.20","Bacteria","Bacteroidota","Bacteroidia","Bacteroidales","Dysgonomonadaceae","Proteiniphilum","Proteiniphilum sp012728155","M","Cell wall/membrane/envelope biogenesis"
"k141_351588_length_14109_cov_69.5195_3",3,3,0.000705674734091435,"bin.17","Bacteria","Bacteroidota","Bacteroidia","Bacteroidales","Dysgonomonadaceae","UBA2632","UBA2632 sp012840785","C","Energy production and conversion"
"k141_163159_length_4343_cov_138.0883_3",2,2,0.000534338070258535,"bin.7","Bacteria","Synergistota","Synergistia","Synergistales","Synergistaceae","Syner-03","Syner-03 sp002316795","P","Inorganic ion transport and metabolism"
"k141_334938_length_3601_cov_23.0000_6",4,4,0.0022542387339032,"bin.10","Bacteria","Cloacimonadota","Cloacimonadia","Cloacimonadales","Cloacimonadaceae","UBA5456","UBA5456 sp002410505","C","Energy production and conversion"
"k141_216567_length_37555_cov_80.2322_12",2,2,0.000512205724153152,"bin.5","Bacteria","Cloacimonadota","Cloacimonadia","Cloacimonadales","Cloacimonadaceae","UBA5456","UBA5456 sp018433885","N","Cell motility"
"k141_216567_length_37555_cov_80.2322_12",2,2,0.000512205724153152,"bin.5","Bacteria","Cloacimonadota","Cloacimonadia","Cloacimonadales","Cloacimonadaceae","UBA5456","UBA5456 sp018433885","P","Inorganic ion transport and metabolism"
"k141_216567_length_37555_cov_80.2322_12",2,2,0.000512205724153152,"bin.5","Bacteria","Cloacimonadota","Cloacimonadia","Cloacimonadales","Cloacimonadaceae","UBA5456","UBA5456 sp018433885","T","Signal transduction mechanisms"
"k141_216567_length_37555_cov_80.2322_12",2,2,0.000512205724153152,"bin.5","Bacteria","Cloacimonadota","Cloacimonadia","Cloacimonadales","Cloacimonadaceae","UBA5456","UBA5456 sp018433885","U","Intracellular trafficking, secretion, and vesicular transport"
"k141_309886_length_4159_cov_26.4271_4",3,2,0.00100654380676608,"bin.11","Bacteria","Proteobacteria","Gammaproteobacteria","Burkholderiales","Burkholderiaceae","Advenella","Advenella faeciporci","J","Translation, ribosomal structure and biogenesis"
"k141_442106_length_11825_cov_72.6312_3",2,2,0.000204640112013907,"bin.17","Bacteria","Bacteroidota","Bacteroidia","Bacteroidales","Dysgonomonadaceae","UBA2632","UBA2632 sp012840785","S","Function unknown"
"k141_211125_length_6672_cov_25.0000_6",3,3,0.000279836532484535,"bin.16","Bacteria","Campylobacterota","Campylobacteria","Campylobacterales","Arcobacteraceae","Aliarcobacter","","F","Nucleotide transport and metabolism"
"k141_449027_length_5762_cov_70.0413_5",3,3,0.000725386318842593,"bin.19","Bacteria","Firmicutes_A","Clostridia","Tissierellales","Sedimentibacteraceae","Sedimentibacter","","J","Translation, ribosomal structure and biogenesis"
"k141_314351_length_30098_cov_325.3379_25",4,4,0.0011490632838303,"bin.23","Bacteria","Bacteroidota","Bacteroidia","Bacteroidales","Dysgonomonadaceae","Fermentimonas","Fermentimonas sp002398875","M","Cell wall/membrane/envelope biogenesis"
"k141_296116_length_2741_cov_20.0000_1",3,3,0.000217494390406741,"bin.16","Bacteria","Campylobacterota","Campylobacteria","Campylobacterales","Arcobacteraceae","Aliarcobacter","","O","Posttranslational modification, protein turnover, chaperones"
"k141_104163_length_10456_cov_321.5032_4",2,2,0.000569491890670281,"bin.23","Bacteria","Bacteroidota","Bacteroidia","Bacteroidales","Dysgonomonadaceae","Fermentimonas","Fermentimonas sp002398875","H","Coenzyme transport and metabolism"
"k141_157296_length_4621_cov_79.9464_5",2,2,0.000462902499368357,"bin.27","Bacteria","Synergistota","Synergistia","Synergistales","Synergistaceae","Syner-03","","S","Function unknown"
"k141_470060_length_4754_cov_68.9996_1",4,2,0.00166466860349774,"bin.17","Bacteria","Bacteroidota","Bacteroidia","Bacteroidales","Dysgonomonadaceae","UBA2632","UBA2632 sp012840785","S","Function unknown"
"k141_381624_length_10548_cov_60.5203_11",2,2,0.000480904263232682,"bin.19","Bacteria","Firmicutes_A","Clostridia","Tissierellales","Sedimentibacteraceae","Sedimentibacter","","C","Energy production and conversion"
"k141_406768_length_16058_cov_40.4473_10",9,7,0.000607884602400862,"bin.12","Bacteria","Verrucomicrobiota","Verrucomicrobiae","Opitutales","JAFGAQ01","JAFGAQ01","","N","Cell motility"
"k141_406768_length_16058_cov_40.4473_10",9,7,0.000607884602400862,"bin.12","Bacteria","Verrucomicrobiota","Verrucomicrobiae","Opitutales","JAFGAQ01","JAFGAQ01","","U","Intracellular trafficking, secretion, and vesicular transport"
"k141_98674_length_5497_cov_348.0000_2",4,3,0.000756006702025177,"bin.23","Bacteria","Bacteroidota","Bacteroidia","Bacteroidales","Dysgonomonadaceae","Fermentimonas","Fermentimonas sp002398875","C","Energy production and conversion"
"k141_406113_length_21025_cov_172.3132_7",5,2,0.00113302051546967,"bin.20","Bacteria","Bacteroidota","Bacteroidia","Bacteroidales","Dysgonomonadaceae","Proteiniphilum","Proteiniphilum sp012728155","C","Energy production and conversion"
"k141_23760_length_26067_cov_155.4310_19",2,2,0.00029543606614977,"bin.20","Bacteria","Bacteroidota","Bacteroidia","Bacteroidales","Dysgonomonadaceae","Proteiniphilum","Proteiniphilum sp012728155","G","Carbohydrate transport and metabolism"
"k141_404317_length_7296_cov_95.4328_5",3,3,0.000282269893636574,"bin.5","Bacteria","Cloacimonadota","Cloacimonadia","Cloacimonadales","Cloacimonadaceae","UBA5456","UBA5456 sp018433885","M","Cell wall/membrane/envelope biogenesis"
"k141_158332_length_7282_cov_330.0389_1",3,2,0.000421571919067611,"bin.23","Bacteria","Bacteroidota","Bacteroidia","Bacteroidales","Dysgonomonadaceae","Fermentimonas","Fermentimonas sp002398875","G","Carbohydrate transport and metabolism"
"k141_15224_length_1805_cov_62.6683_2",2,2,0.000848654582175321,"bin.17","Bacteria","Bacteroidota","Bacteroidia","Bacteroidales","Dysgonomonadaceae","UBA2632","UBA2632 sp012840785","S","Function unknown"
"k141_244443_length_18807_cov_173.4368_5",2,2,8.37164094602347e-05,"bin.20","Bacteria","Bacteroidota","Bacteroidia","Bacteroidales","Dysgonomonadaceae","Proteiniphilum","Proteiniphilum sp012728155","P","Inorganic ion transport and metabolism"
"k141_139952_length_37788_cov_166.5919_21",2,2,0.000369926356332832,"bin.20","Bacteria","Bacteroidota","Bacteroidia","Bacteroidales","Dysgonomonadaceae","Proteiniphilum","Proteiniphilum sp012728155","S","Function unknown"
"k141_248299_length_44835_cov_53.0000_15",4,2,0.00168083043459966,"bin.13","Bacteria","Firmicutes_A","Clostridia","Saccharofermentanales","Fastidiosipilaceae","JAAYZH01","JAAYZH01 sp012514965","J","Translation, ribosomal structure and biogenesis"
"k141_138382_length_71462_cov_167.2266_48",2,2,0.000237809800499678,"bin.20","Bacteria","Bacteroidota","Bacteroidia","Bacteroidales","Dysgonomonadaceae","Proteiniphilum","Proteiniphilum sp012728155","S","Function unknown"
"k141_354178_length_21122_cov_26.0000_18",2,2,0.000284745945335141,"bin.10","Bacteria","Cloacimonadota","Cloacimonadia","Cloacimonadales","Cloacimonadaceae","UBA5456","UBA5456 sp002410505","D","Cell cycle control, cell division, chromosome partitioning"
"k141_177465_length_8869_cov_76.3299_4",5,3,0.00267169035129268,"bin.17","Bacteria","Bacteroidota","Bacteroidia","Bacteroidales","Dysgonomonadaceae","UBA2632","UBA2632 sp012840785","S","Function unknown"
"k141_450842_length_1535_cov_18.0000_2",6,4,0.00378712107295737,"bin.29","Bacteria","Bacteroidota","Bacteroidia","Bacteroidales","UBA1402","UBA8389","","S","Function unknown"
"k141_420203_length_3163_cov_21.0000_2",3,3,0.00150981571014912,"bin.14","Bacteria","Bacteroidota","Bacteroidia","Bacteroidales","4484-276","SABY01","","S","Function unknown"
"k141_437416_length_13824_cov_328.4227_8",7,4,0.00217767968256309,"bin.23","Bacteria","Bacteroidota","Bacteroidia","Bacteroidales","Dysgonomonadaceae","Fermentimonas","Fermentimonas sp002398875","P","Inorganic ion transport and metabolism"
"k141_326686_length_15959_cov_351.2094_7",2,2,7.64013833908939e-05,"bin.23","Bacteria","Bacteroidota","Bacteroidia","Bacteroidales","Dysgonomonadaceae","Fermentimonas","Fermentimonas sp002398875","P","Inorganic ion transport and metabolism"
"k141_62344_length_28590_cov_73.4422_5",2,2,0.000129005614578067,"bin.13","Bacteria","Firmicutes_A","Clostridia","Saccharofermentanales","Fastidiosipilaceae","JAAYZH01","JAAYZH01 sp012514965","M","Cell wall/membrane/envelope biogenesis"
"k141_84518_length_2271_cov_97.7286_2",2,2,0.000554889534499248,"bin.8","Bacteria","Firmicutes_A","Clostridia","Saccharofermentanales","DTU023","DTU032","DTU032 sp012728535","J","Translation, ribosomal structure and biogenesis"
"k141_384142_length_3277_cov_84.0000_5",2,2,0.000577085115879218,"bin.27","Bacteria","Synergistota","Synergistia","Synergistales","Synergistaceae","Syner-03","","S","Function unknown"
"k141_77946_length_27268_cov_44.2206_22",4,3,0.00190247840399742,"bin.2","Bacteria","Firmicutes_A","Clostridia","Saccharofermentanales","Saccharofermentanaceae","DUPM01","DUPM01 sp012838315","L","Replication, recombination and repair"
"k141_56187_length_2610_cov_19.0000_3",2,2,0.000509192749305193,"bin.16","Bacteria","Campylobacterota","Campylobacteria","Campylobacterales","Arcobacteraceae","Aliarcobacter","","C","Energy production and conversion"
